name,region_code,data_gb,validity_days,supplier_sku,retail_price,currency
"Global139 1GB 7Days",GL-139,1,7,CKH823,15.99,USD
"Global139 1GB 365Days",GL-139,1,365,PCQXBW5UJ,43.99,USD
"Global139 3GB 30Days",GL-139,3,30,PHD8GZ2VN,38.99,USD
"Global139 5GB 30Days",GL-139,5,30,CKH825,59.99,USD
"Global139 10GB 30Days",GL-139,10,30,CKH826,106.99,USD
"Global139 20GB 90Days",GL-139,20,90,PG3K0LHBC,179.99,USD
"Europe 500MB/Day",EU-42,0.5,1,PRSWURT3J,4.99,USD
"Europe 1GB/Day",EU-42,1,1,PRXI4V4TF,5.99,USD
"Europe 1GB 7Days",EU-42,1,7,CKH484,6.99,USD
"Europe 2GB/Day",EU-42,2,1,P46CMKPC8,10.99,USD
"Europe 3GB 15Days",EU-42,3,15,CKH485,14.99,USD
"Europe 3GB 30Days",EU-42,3,30,CKH006,16.99,USD
"Europe 5GB 30Days",EU-42,5,30,CKH007,22.99,USD
"Europe 10GB 30Days",EU-42,10,30,CKH486,38.99,USD
"Europe 20GB 30Days",EU-42,20,30,CKH500,64.99,USD
"Europe 20GB 90Days",EU-42,20,90,P7VCE7FKY,69.99,USD
"Europe 50GB 180Days",EU-42,50,180,PGXJN6W2T,161.99,USD
"Europe (40+ areas) & Morocco 1GB/Day",EU-43,1,1,PKT0YY7DH,6.99,USD
"Europe (40+ areas) & Morocco 1GB 7Days",EU-43,1,7,PZ4SAGHEX,6.99,USD
"Europe (40+ areas) & Morocco 3GB 30Days",EU-43,3,30,PGYDLNAQO,16.99,USD
"Europe (40+ areas) & Morocco 5GB 30Days",EU-43,5,30,PH69I9HIA,23.99,USD
"Europe (40+ areas) & Morocco 10GB 30Days",EU-43,10,30,P1HWVL3M4,39.99,USD
"Europe (40+ areas) & Morocco 20GB 30Days",EU-43,20,30,PMFGTDUWR,65.99,USD
"Global (120+ areas) 1GB 7Days",GL-120,1,7,PHS30M6EZ,9.99,USD
"Global (120+ areas) 1GB 365Days",GL-120,1,365,PYMC5N31Z,24.99,USD
"Global (120+ areas) 3GB 30Days",GL-120,3,30,PW6P3DX2G,22.99,USD
"Global (120+ areas) 5GB 30Days",GL-120,5,30,PEW54FVD9,36.99,USD
"Global (120+ areas) 10GB 30Days",GL-120,10,30,P34FHRF8J,68.99,USD
"Global (120+ areas) 20GB 30Days",GL-120,20,30,PR3JZMC20,120.99,USD
"Global (120+ areas) 20GB 90Days",GL-120,20,90,PB83STJL6,133.99,USD
"Balkans (5+ areas) 500MB/Day",EU-7,0.5,1,PQYIWTPY7,4.99,USD
"Balkans (5+ areas) 1GB/Day",EU-7,1,1,P2P7Z7T1F,5.99,USD
"Balkans (5+ areas) 1GB 7Days",EU-7,1,7,P77DQABFM,6.99,USD
"Balkans (5+ areas) 2GB/Day",EU-7,2,1,PK4075BMX,8.99,USD
"Balkans (5+ areas) 3GB 15Days",EU-7,3,15,PL06QPHR0,13.99,USD
"Balkans (5+ areas) 3GB 30Days",EU-7,3,30,PCJF5ERL7,16.99,USD
"Balkans (5+ areas) 5GB 30Days",EU-7,5,30,PUE84PWA3,22.99,USD
"Balkans (5+ areas) 10GB 30Days",EU-7,10,30,PUDB1XXOS,43.99,USD
"Balkans (5+ areas) 20GB 30Days",EU-7,20,30,PV6NYQJ6D,80.99,USD
"Caribbean (20+ areas) 500MB/Day",CB-24,0.5,1,PX2WSA7L1,6.99,USD
"Caribbean (20+ areas) 1GB 7Days",CB-25,1,7,P8N4TBFDC,11.99,USD
"Caribbean (20+ areas) 1GB/Day",CB-24,1,1,P8JCL47FC,13.99,USD
"Caribbean (20+ areas) 3GB 30Days",CB-25,3,30,PRHU7ZYL7,29.99,USD
"Caribbean (20+ areas) 5GB 30Days",CB-25,5,30,PCFAGC825,53.99,USD
"Caribbean (20+ areas) 5GB/Day",CB-24,5,1,PX18HJ4XW,70.99,USD
"Caribbean (20+ areas) 10GB 30Days",CB-25,10,30,PDWMZ77EO,89.99,USD
"South America 1GB 7Days",SA-18,1,7,CKH487,11.99,USD
"South America 3GB 15Days",SA-18,3,15,CKH488,28.99,USD
"South America 3GB 30Days",SA-18,3,30,P6FNJUAP4,28.99,USD
"South America 5GB 30Days",SA-18,5,30,CKH489,42.99,USD
"South America 10GB 30Days",SA-18,10,30,CKH490,74.99,USD
"Middle East 1GB 7Days",ME-13,1,7,CKH848,14.99,USD
"Middle East 3GB 30Days",ME-13,3,30,PNEKXVZKV,35.99,USD
"Middle East 5GB 30Days",ME-13,5,30,CKH850,52.99,USD
"Asia-20 1GB 7 Days",AS-20,1,7,JC183,7.99,USD
"Asia-20 1GB 30 Days",AS-20,1,30,JC177,11.99,USD
"Asia-20 3GB 15Days",AS-20,3,15,JC179,17.99,USD
"Asia-20 3GB 30Days",AS-20,3,30,PTPN61LUV,18.99,USD
"Asia-20 5GB 30 Days",AS-20,5,30,JC178,27.99,USD
"Asia-20 10GB 30Days",AS-20,10,30,JC180,46.99,USD
"Asia-20 20GB 30Days",AS-20,20,30,PALTQIBLC,80.99,USD
"Asia-20 20GB 90 Days",AS-20,20,90,JC181,84.99,USD
"Asia-20 50GB 180 Days",AS-20,50,180,JC182,178.99,USD
"Australia & New Zealand 500MB/Day",AUNZ-2,0.5,1,PFR50X7FM,4.99,USD
"Australia & New Zealand 1GB/Day",AUNZ-2,1,1,PNJ1T3NUH,5.99,USD
"Australia & New Zealand 1GB 7Days",AUNZ-2,1,7,P0KPFXO5C,6.99,USD
"Australia & New Zealand 2GB/Day",AUNZ-2,2,1,POQG1P0XP,8.99,USD
"Australia & New Zealand 3GB 15Days",AUNZ-2,3,15,PW9IXHC7M,13.99,USD
"Australia & New Zealand 3GB 30Days",AUNZ-2,3,30,PQ3L5BKM7,16.99,USD
"Australia & New Zealand 5GB 30Days",AUNZ-2,5,30,PSJR795VD,21.99,USD
"Australia & New Zealand 10GB 30Days",AUNZ-2,10,30,PXM9V5M3X,33.99,USD
"Australia & New Zealand 10GB/Day",AUNZ-2,10,1,PVJFVOZ8F,31.99,USD
"Australia & New Zealand 20GB 30Days",AUNZ-2,20,30,P2FED0A4U,58.99,USD
"Europe(30+ areas) 300MB/Day",EU-30,0.3,1,P82Y6VYRL,2.99,USD
"Europe(30+ areas) 500MB/Day",EU-30,0.5,1,P61RQP7ZW,3.99,USD
"Europe(30+ areas) 1GB 30Days",EU-30,1,30,PM1HX6ES9,4.99,USD
"Europe(30+ areas) 1GB 7Days",EU-30,1,7,PV048NCRG,6.99,USD
"Europe(30+ areas) 1GB/Day",EU-30,1,1,PUDV52A3R,5.99,USD
"Europe(30+ areas) 1.5GB/Day",EU-30,1.5,1,P34CJYA6C,7.99,USD
"Europe(30+ areas) 2GB/Day",EU-30,2,1,PZ6R8ASH9,8.99,USD
"Europe(30+ areas) 3GB 15Days",EU-30,3,15,PJNM2Q4S1,13.99,USD
"Europe(30+ areas) 3GB 30Days",EU-30,3,30,PJK6T8JT2,15.99,USD
"Europe(30+ areas) 3GB/Day",EU-30,3,1,PE01DJZS7,10.99,USD
"Europe(30+ areas) 5GB 30Days",EU-30,5,30,P87F6RTKY,19.99,USD
"Europe(30+ areas) 10GB 30Days",EU-30,10,30,P50GVS8GN,33.99,USD
"Europe(30+ areas) 20GB 30Days",EU-30,20,30,PHC4X21NC,50.99,USD
"Europe(30+ areas) 20GB 90Days",EU-30,20,90,P5NWWU08G,51.99,USD
"Europe(30+ areas) 50GB 180Days",EU-30,50,180,PE70MYRZ5,91.99,USD
"Middle East & North Africa 1GB 7Days",ME-12,1,7,PSFQ1VKKN,14.99,USD
"Middle East & North Africa 3GB 15Days",ME-12,3,15,PU9MJXGXW,35.99,USD
"Middle East & North Africa 3GB 30Days",ME-12,3,30,P8RK78WWA,35.99,USD
"Middle East & North Africa 5GB 30Days",ME-12,5,30,P2G2HUX6J,57.99,USD
"Middle East & North Africa 10GB 30Days",ME-12,10,30,P12PP39U9,110.99,USD
"Middle East & North Africa 20GB 30Days",ME-12,20,30,P2KTNG325,212.99,USD
"Gulf Region 500MB/Day",ME-6,0.5,1,PW9U86NGE,4.99,USD
"Gulf Region 1GB 7Days",ME-6,1,7,PTJX062PT,6.99,USD
"Gulf Region 1GB/Day",ME-6,1,1,P40YDJ9WA,5.99,USD
"Gulf Region 3GB 30Days",ME-6,3,30,P8D7Q1CZY,16.99,USD
"Gulf Region 5GB/Day",ME-6,5,1,PLK713DWL,21.99,USD
"Gulf Region 5GB 30Days",ME-6,5,30,PK2BXX9B4,21.99,USD
"Gulf Region 10GB/Day",ME-6,10,1,PLR26GSE7,44.99,USD
"Gulf Region 10GB 30Days",ME-6,10,30,P9DH2MUN5,44.99,USD
"GCC 1GB 7Days",SAAEQAKWOMBH-6,1,7,PPWBUY807,10.99,USD
"GCC 2GB/Day FUP1Mbps",SAAEQAKWOMBH-6,2,1,PMRXJQDH7,15.99,USD
"GCC 3GB 30Days",SAAEQAKWOMBH-6,3,30,P1CYRUDIH,28.99,USD
"GCC 5GB 30Days",SAAEQAKWOMBH-6,5,30,POQV6OEH1,44.99,USD
"GCC 10GB 30Days",SAAEQAKWOMBH-6,10,30,PDMPCRCNJ,83.99,USD
"Asia (20 areas) 500MB/Day",AS-21,0.5,1,PD3QG58OR,4.99,USD
"Asia (20 areas) 1GB/Day",AS-21,1,1,PL97OQ811,6.99,USD
"Asia (20 areas) 1GB 7Days",AS-21,1,7,P73JQXMJF,7.99,USD
"Asia (20 areas) 2GB/Day",AS-21,2,1,P9L10EL7F,11.99,USD
"Asia (20 areas) 3GB 15Days",AS-21,3,15,PYRXPREBV,17.99,USD
"Asia (20 areas) 3GB 30Days",AS-21,3,30,PK643CQ8L,18.99,USD
"Asia (20 areas) 5GB 30Days",AS-21,5,30,P548U444F,27.99,USD
"Asia (20 areas) 10GB 30Days",AS-21,10,30,PA893PFM1,46.99,USD
"Asia (20 areas) 20GB 30Days",AS-21,20,30,PL4HZ2L9F,80.99,USD
"Africa 1GB 7Days",AF-29,1,7,CKH495,11.99,USD
"Africa 3GB 30Days",AF-29,3,30,P1XXDOD0C,28.99,USD
"Africa 5GB 30Days",AF-29,5,30,CKH497,42.99,USD
"Asia (12 areas) 500MB/Day",AS-12,0.5,1,PACK04L3R,4.99,USD
"Asia (12 areas) 1GB/Day",AS-12,1,1,PXJ8HG40S,6.99,USD
"Asia (12 areas) 1GB 7Days",AS-12,1,7,PMWKBKC8Q,7.99,USD
"Asia (12 areas) 2GB/Day",AS-12,2,1,PVBKS19B4,13.99,USD
"Asia (12 areas) 3GB/Day",AS-12,3,1,PM5T3Z4UM,17.99,USD
"Asia (12 areas) 3GB 15Days",AS-12,3,15,PDX275FW0,17.99,USD
"Asia (12 areas) 3GB 30Days",AS-12,3,30,PTHP265BC,18.99,USD
"Asia (12 areas) 5GB 30Days",AS-12,5,30,P9ESS1C2D,27.99,USD
"Asia (12 areas) 10GB 30Days",AS-12,10,30,P32JCTKR0,45.99,USD
"Asia (12 areas) 20GB 30Days",AS-12,20,30,PWXD16M3T,79.99,USD
"Asia (7 areas) 500MB/Day",AS-7,0.5,1,PX5NT8Z4K,4.99,USD
"Asia (7 areas) 1GB/Day",AS-7,1,1,P0N8SUBG5,5.99,USD
"Asia (7 areas) 1GB 7Days",AS-7,1,7,JC165,6.99,USD
"Asia (7 areas) 2GB/Day",AS-7,2,1,PBZUB2S60,8.99,USD
"Asia (7 areas) 3GB 15Days",AS-7,3,15,JC166,13.99,USD
"Asia (7 areas)  3GB 30Days",AS-7,3,30,P0523NZM8,16.99,USD
"Asia (7 areas) 5GB/Day",AS-7,5,1,PJ2W7KTJ4,15.99,USD
"Asia (7 areas) 5GB 30Days",AS-7,5,30,JC167,21.99,USD
"Asia (7 areas) 10GB 30Days",AS-7,10,30,JC168,33.99,USD
"Asia (7 areas) 20GB 30Days",AS-7,20,30,JC169,50.99,USD
"Asia (7 areas) 50GB 180Days",AS-7,50,180,P4GNDNA36,112.99,USD
"North America 500MB/Day",NA-3,0.5,1,PLF76MUC5,4.99,USD
"North America 1GB/Day",NA-3,1,1,PCTEPKHJW,5.99,USD
"North America 1GB 7Days",NA-3,1,7,CKH491,6.99,USD
"North America 1GB 30Days",NA-3,1,30,PWTE0W1Q4,10.99,USD
"North America 1.5GB/Day",NA-3,1.5,1,P5SQ1FXCQ,7.99,USD
"North America 2GB/Day",NA-3,2,1,PWTRNZF6E,8.99,USD
"North America 3GB/Day",NA-3,3,1,P5N9FP7RL,11.99,USD
"North America 3GB 15Days",NA-3,3,15,CKH492,13.99,USD
"North America 3GB 30Days",NA-3,3,30,PB9HFSUS0,16.99,USD
"North America 5GB/Day",NA-3,5,1,P8L7JA0WC,17.99,USD
"North America 5GB 30Days",NA-3,5,30,CKH493,21.99,USD
"North America 10GB/Day",NA-3,10,1,PVT108ZDN,30.99,USD
"North America 10GB 30Days",NA-3,10,30,CKH494,33.99,USD
"North America 20GB 90Days",NA-3,20,90,PVF7RTI3Y,67.99,USD
"North America 20GB 30Days",NA-3,20,30,CKH535,58.99,USD
"North America 50GB 180Days",NA-3,50,180,POGTY0THV,145.99,USD
"USA & Canada 500MB/Day",USCA-2,0.5,1,PE3D9WKKS,4.99,USD
"USA & Canada 1GB/Day",USCA-2,1,1,PNNLXUOMD,5.99,USD
"USA & Canada 1GB 7Days",USCA-2,1,7,P305GY1JR,6.99,USD
"USA & Canada 2GB/Day",USCA-2,2,1,PUIT709FM,8.99,USD
"USA & Canada 3GB 15Days",USCA-2,3,15,PY8PFUOZD,13.99,USD
"USA & Canada 3GB 30Days",USCA-2,3,30,PCH86NP2N,16.99,USD
"USA & Canada 5GB 30Days",USCA-2,5,30,P8H3NEG7T,21.99,USD
"USA & Canada 10GB 30Days",USCA-2,10,30,PERS04AH5,33.99,USD
"USA & Canada 20GB 30Days",USCA-2,20,30,P83JOAZWJ,60.99,USD
"China (mainland HK Macao) 500MB/Day",CN-3,0.5,1,PN6QWT0Q4,4.99,USD
"China (mainland HK Macao) 1GB 7Days",CN-3,1,7,JC172,6.99,USD
"China (mainland HK Macao) 1GB/Day",CN-3,1,1,P78RBUJQ4,5.99,USD
"China (mainland HK Macao) 2GB/Day",CN-3,2,1,PY0WGY2C1,8.99,USD
"China (mainland HK Macao) 3GB 15Days",CN-3,3,15,JC173,13.99,USD
"China (mainland HK Macao) 3GB/Day",CN-3,3,1,PB64TT7WN,10.99,USD
"China (mainland HK Macao) 3GB 30Days",CN-3,3,30,P4G59TWEY,15.99,USD
"China (mainland HK Macao) 5GB 30Days",CN-3,5,30,JC174,19.99,USD
"China (mainland HK Macao) 10GB 30Days",CN-3,10,30,JC175,33.99,USD
"China (mainland HK Macao) 10GB/Day",CN-3,10,1,PII4YA815,28.99,USD
"China (mainland HK Macao) 20GB 30Days",CN-3,20,30,JC176,50.99,USD
"China (mainland HK Macao) 50GB 30Days",CN-3,50,30,PQF9Y2BH0,87.99,USD
"China (mainland HK Macao) 50GB 180Days",CN-3,50,180,PJKYY3QTL,92.99,USD
"China mainland & Japan & South Korea 500MB/Day",CNJPKR-3,0.5,1,PD4EBQ08R,4.99,USD
"China mainland & Japan & South Korea 1GB/Day",CNJPKR-3,1,1,P8SU7BG1W,5.99,USD
"China mainland & Japan & South Korea 1GB 7Days",CNJPKR-3,1,7,P4XU0X3CX,6.99,USD
"China mainland & Japan & South Korea 2GB/Day",CNJPKR-3,2,1,P1Z74ZBVM,8.99,USD
"China mainland & Japan & South Korea 3GB 15Days",CNJPKR-3,3,15,P9Q0XP8HU,13.99,USD
"China mainland & Japan & South Korea 3GB 30Days",CNJPKR-3,3,30,P64BPV0PR,16.99,USD
"China mainland & Japan & South Korea 5GB 30Days",CNJPKR-3,5,30,P5KZF2WY6,21.99,USD
"China mainland & Japan & South Korea 10GB 30Days",CNJPKR-3,10,30,P5JHQ39EE,33.99,USD
"China mainland & Japan & South Korea 20GB 30Days",CNJPKR-3,20,30,P93F7ZCSY,58.99,USD
"Central Asia 500MB/Day",AS-5,0.5,1,P712EDLGB,2.99,USD
"Central Asia 1GB/Day",AS-5,1,1,PJA28XEA7,5.99,USD
"Central Asia 1GB 7Days",AS-5,1,7,PTERMS678,6.99,USD
"Central Asia 3GB 30Days",AS-5,3,30,PCZ6XKE90,16.99,USD
"Central Asia 5GB/Day",AS-5,5,1,P9RS4VV0A,15.99,USD
"Central Asia 5GB 30Days",AS-5,5,30,PE8WFAZ75,21.99,USD
"Central Asia 10GB/Day",AS-5,10,1,PGP9AZY26,28.99,USD
"Central Asia 10GB 30Days",AS-5,10,30,P0TB81TYV,33.99,USD
"Singapore & Malaysia & Thailand 500MB/Day",SGMYTH-3,0.5,1,PB9B7RVL0,2.99,USD
"Singapore & Malaysia & Thailand 1GB/Day",SGMYTH-3,1,1,PS6VQM34Q,4.99,USD
"Singapore & Malaysia & Thailand 1GB 7Days",SGMYTH-3,1,7,P86Y3TMFZ,4.99,USD
"Singapore & Malaysia & Thailand 2GB/Day",SGMYTH-3,2,1,PRPNZ697N,8.99,USD
"Singapore & Malaysia & Thailand 3GB 15Days",SGMYTH-3,3,15,P71Q4REAB,11.99,USD
"Singapore & Malaysia & Thailand 3GB 30Days",SGMYTH-3,3,30,PZ8NV3QK9,12.99,USD
"Singapore & Malaysia & Thailand 5GB 30Days",SGMYTH-3,5,30,PYX2W95MR,17.99,USD
"Singapore & Malaysia & Thailand 10GB 30Days",SGMYTH-3,10,30,PY5TK3XX6,26.99,USD
"Singapore & Malaysia & Thailand 20GB 30Days",SGMYTH-3,20,30,P9NV1LJN6,38.99,USD
"Afghanistan 500MB/Day",AF,0.5,1,P6DHWL6WR,5.99,USD
"Afghanistan 1GB/Day",AF,1,1,PDIRBQAQE,8.99,USD
"Afghanistan  1GB 7Days",AF,1,7,PC2G2GAZG,9.99,USD
"Afghanistan 2GB/Day",AF,2,1,P65SRWG05,13.99,USD
"Afghanistan 3GB 15Days",AF,3,15,PH204G43G,23.99,USD
"Afghanistan 3GB 30Days",AF,3,30,P7PPTTG21,25.99,USD
"Afghanistan 5GB 30Days",AF,5,30,PFNZN562P,39.99,USD
"Afghanistan 10GB 30Days",AF,10,30,PN41KUBY9,73.99,USD
"Afghanistan 20GB 30Days",AF,20,30,P859ELARY,137.99,USD
"Aland Islands 500MB/Day",AX,0.5,1,PF46GA1CH,4.99,USD
"Aland Islands 1GB/Day",AX,1,1,PW5VRR4EF,5.99,USD
"Aland Islands 1GB 7Days",AX,1,7,CKH256,6.99,USD
"Aland Islands 3GB 15Days",AX,3,15,CKH257,12.99,USD
"Aland Islands 3GB 30Days",AX,3,30,CKH105,12.99,USD
"Aland Islands 2GB/Day",AX,2,1,P81F9RWO4,8.99,USD
"Aland Islands 5GB 30Days",AX,5,30,CKH144,18.99,USD
"Aland Islands 10GB 30Days",AX,10,30,CKH258,31.99,USD
"Aland Islands 20GB 30Days",AX,20,30,CKH740,50.99,USD
"Albania 100MB 7Days",AL,0.1,7,PFRQ8FIBC,1.99,USD
"Albania 500MB 7Days",AL,0.5,7,PYFAJFXKY,4.99,USD
"Albania 500MB/Day",AL,0.5,1,PP2FWWA8N,4.99,USD
"Albania 1GB 7Days",AL,1,7,CKH525,6.99,USD
"Albania 1GB/Day",AL,1,1,PT6YNFLX8,5.99,USD
"Albania 2GB/Day",AL,2,1,PSXVB0YDP,8.99,USD
"Albania 3GB 15Days",AL,3,15,CKH548,13.99,USD
"Albania 3GB 30Days",AL,3,30,PL5JS8GQQ,16.99,USD
"Albania 5GB 30Days",AL,5,30,CKH549,21.99,USD
"Albania 10GB 30Days",AL,10,30,CKH952,33.99,USD
"Albania 20GB 30Days",AL,20,30,CKH953,58.99,USD
"Algeria 100MB 7Days",DZ,0.1,7,PJVN54W3O,1.99,USD
"Algeria 500MB/Day",DZ,0.5,1,P2WDAX0PN,2.99,USD
"Algeria 500MB 7Days",DZ,0.5,7,P2K7J4WGD,2.99,USD
"Algeria 1GB/Day",DZ,1,1,PTA4S7UN1,3.99,USD
"Algeria 1GB 7Days",DZ,1,7,CKH515,4.99,USD
"Algeria 2GB/Day",DZ,2,1,P9EO8018O,6.99,USD
"Algeria 3GB 15Days",DZ,3,15,CKH551,11.99,USD
"Algeria 3GB 30Days",DZ,3,30,PWI9OQIY7,12.99,USD
"Algeria 5GB 30Days",DZ,5,30,CKH552,17.99,USD
"Algeria 10GB 30Days",DZ,10,30,CKH809,26.99,USD
"Algeria 20GB 30Days",DZ,20,30,CKH810,38.99,USD
"Algeria 50GB 30Days",DZ,50,30,CKH811,73.99,USD
"Andorra 500MB/Day",AD,0.5,1,PZL8D71CV,4.99,USD
"Andorra 1GB/Day",AD,1,1,PQ96J3XQ3,5.99,USD
"Andorra 1GB 7Days",AD,1,7,PQPMBOQKQ,6.99,USD
"Andorra 2GB/Day",AD,2,1,PQQZXV4QP,8.99,USD
"Andorra 3GB 15Days",AD,3,15,PA4P0E9PP,13.99,USD
"Andorra 3GB 30Days",AD,3,30,P6PTLNQKG,16.99,USD
"Andorra 5GB 30Days",AD,5,30,PU43QJFLK,21.99,USD
"Andorra 10GB 30Days",AD,10,30,POLBMAOKK,37.99,USD
"Andorra 20GB 30Days",AD,20,30,PKS714EFL,68.99,USD
"Anguilla 500MB/Day",AI,0.5,1,POZVUBHGO,7.99,USD
"Anguilla 1GB/Day",AI,1,1,PM9T984L1,11.99,USD
"Anguilla 1GB 7Days",AI,1,7,PE3R2NYQX,12.99,USD
"Anguilla 2GB/Day",AI,2,1,P5PSSTDWD,20.99,USD
"Anguilla 3GB 15Days",AI,3,15,P2ECNC4CU,32.99,USD
"Anguilla 3GB 30Days",AI,3,30,PEG44RAO5,34.99,USD
"Anguilla 5GB 30Days",AI,5,30,P0NWS57PC,54.99,USD
"Anguilla 10GB 30Days",AI,10,30,PEUQVTLSB,99.99,USD
"Anguilla 20GB 30Days",AI,20,30,P8GAESAYL,182.99,USD
"Antigua and Barbuda 500MB/Day",AG,0.5,1,PAX4QEO8E,7.99,USD
"Antigua and Barbuda 1GB/Day",AG,1,1,PWHDQF6J6,11.99,USD
"Antigua and Barbuda 1GB 7Days",AG,1,7,PPWK55U51,12.99,USD
"Antigua and Barbuda 2GB/Day",AG,2,1,PJRL9FTHQ,20.99,USD
"Antigua and Barbuda 3GB 15Days",AG,3,15,PLT3KKIDO,32.99,USD
"Antigua and Barbuda 3GB 30Days",AG,3,30,P8PU77FZP,34.99,USD
"Antigua and Barbuda 5GB 30Days",AG,5,30,PSUM1WZK9,54.99,USD
"Antigua and Barbuda 10GB 30Days",AG,10,30,PMCFR1TVV,99.99,USD
"Antigua and Barbuda 20GB 30Days",AG,20,30,PQY7SKU59,182.99,USD
"Argentina 100MB 7Days",AR,0.1,7,PHDE7ZP42,2.99,USD
"Argentina 500MB/Day",AR,0.5,1,P597LY81J,4.99,USD
"Argentina 500MB 7Days",AR,0.5,7,PMXFVU33D,5.99,USD
"Argentina 1GB/Day",AR,1,1,P0VDPD9F2,6.99,USD
"Argentina 1GB 7Days",AR,1,7,CKH293,7.99,USD
"Argentina 2GB/Day",AR,2,1,P1YR0L0LJ,13.99,USD
"Argentina 3GB 15Days",AR,3,15,CKH294,17.99,USD
"Argentina 3GB 30Days",AR,3,30,PZEN2IE1G,18.99,USD
"Argentina 5GB 30Days",AR,5,30,CKH295,28.99,USD
"Argentina 10GB 30Days",AR,10,30,CKH296,52.99,USD
"Argentina 20GB 30Days",AR,20,30,CKH858,80.99,USD
"Armenia 100MB 7Days",AM,0.1,7,PZBBJD4HG,1.99,USD
"Armenia 500MB/Day",AM,0.5,1,PEW7SCYRQ,4.99,USD
"Armenia 500MB 7Days",AM,0.5,7,PUCP0HJ3Z,4.99,USD
"Armenia 1GB/Day",AM,1,1,P6EAZSBXI,5.99,USD
"Armenia 1GB 7Days",AM,1,7,CKH514,6.99,USD
"Armenia 2GB/Day",AM,2,1,PTMDBPTJN,8.99,USD
"Armenia 3GB 15Days",AM,3,15,CKH555,13.99,USD
"Armenia 3GB 30Days",AM,3,30,CKH030,16.99,USD
"Armenia 5GB 30Days",AM,5,30,CKH556,21.99,USD
"Armenia 10GB 30Days",AM,10,30,CKH775,33.99,USD
"Armenia 20GB 30Days",AM,20,30,CKH776,59.99,USD
"Australia 100MB 7Days",AU,0.1,7,PGWEQ1CSB,1.99,USD
"Australia 500MB 7Days",AU,0.5,7,PI27MAKKL,1.99,USD
"Australia 500MB/Day",AU,0.5,1,PBLAOUJHR,2.99,USD
"Australia 500MB/Day (nonhkip)",AU,0.5,1,PEL5YC2E9,2.99,USD
"Australia 1GB 7Days",AU,1,7,JC018,3.99,USD
"Australia 1GB/Day",AU,1,1,PKAECJYPB,4.99,USD
"Australia 1GB 7Days (nonhkip)",AU,1,7,PBNG7JU46,4.99,USD
"Australia 1GB/Day (nonhkip)",AU,1,1,P5YK1QF0H,4.99,USD
"Australia 3GB 15Days",AU,3,15,JC019,7.99,USD
"Australia 3GB 30Days",AU,3,30,PM2ZWH3G5,8.99,USD
"Australia 2GB/Day (nonhkip)",AU,2,1,P67G2WSBZ,8.99,USD
"Australia 2GB/Day",AU,2,1,PRUQ8T3B2,8.99,USD
"Australia 3GB/Day (nonhkip)",AU,3,1,PVU1V30PY,10.99,USD
"Australia 5GB 30Days",AU,5,30,JC020,10.99,USD
"Australia 3GB 15Days (nonhkip)",AU,3,15,PMJWN96M5,10.99,USD
"Australia 3GB/Day",AU,3,1,P4GHU52FZ,10.99,USD
"Australia 3GB 30Days (nonhkip)",AU,3,30,P5WU3XAH8,11.99,USD
"Australia 5GB/Day (nonhkip)",AU,5,1,PQ4B7SU9W,15.99,USD
"Australia 5GB 30Days (nonhkip)",AU,5,30,PTV5G02KL,18.99,USD
"Australia 10GB 30Days",AU,10,30,JC101,18.99,USD
"Australia 10GB/Day (nonhkip)",AU,10,1,P1LNPZ0R3,26.99,USD
"Australia 20GB 30Days",AU,20,30,JC102,28.99,USD
"Australia 10GB 30Days (nonhkip)",AU,10,30,PN9GT8RR1,29.99,USD
"Australia 10GB/Day",AU,10,1,PWV71AAT5,28.99,USD
"Australia 20GB 30Days (nonhkip)",AU,20,30,P1B5ZKL9Y,47.99,USD
"Australia 50GB 30Days",AU,50,30,PQGQ6Y07S,51.99,USD
"Australia 50GB 180Days",AU,50,180,POU9P9TSZ,70.99,USD
"Austria 500MB/Day",AT,0.5,1,PH430V510,2.99,USD
"Austria 1GB/Day",AT,1,1,P4TPF32H7,3.99,USD
"Austria 1GB 7Days",AT,1,7,CKH157,4.99,USD
"Austria 2GB/Day",AT,2,1,PDO2DS0KF,6.99,USD
"Austria 3GB 15Days",AT,3,15,CKH158,8.99,USD
"Austria 3GB 30Days",AT,3,30,CKH076,9.99,USD
"Austria 5GB 30Days",AT,5,30,CKH115,13.99,USD
"Austria 10GB 30Days",AT,10,30,CKH159,21.99,USD
"Austria 10GB/Day",AT,10,1,PUXCXDPTJ,24.99,USD
"Austria 20GB 30Days",AT,20,30,CKH537,34.99,USD
"Austria 50GB 180Days",AT,50,180,PJG7CZ02I,55.99,USD
"Azerbaijan 100MB 7Days",AZ,0.1,7,PLYTQ0XIR,1.99,USD
"Azerbaijan 500MB 7Days",AZ,0.5,7,PRC8ZLO48,5.99,USD
"Azerbaijan 500MB/Day",AZ,0.5,1,P9NB0MVOE,4.99,USD
"Azerbaijan 1GB/Day",AZ,1,1,PHLTKABRR,5.99,USD
"Azerbaijan 1GB 7Days",AZ,1,7,CKH281,6.99,USD
"Azerbaijan 2GB/Day",AZ,2,1,P3EAMJCRX,8.99,USD
"Azerbaijan 3GB 15Days",AZ,3,15,CKH282,13.99,USD
"Azerbaijan 3GB 30Days",AZ,3,30,CKH032,16.99,USD
"Azerbaijan 5GB 30Days",AZ,5,30,CKH283,21.99,USD
"Azerbaijan 10GB 30Days",AZ,10,30,CKH284,34.99,USD
"Azerbaijan 20GB 30Days",AZ,20,30,CKH864,60.99,USD
"Bahamas 500MB/Day",BS,0.5,1,PF2URFAT5,8.99,USD
"Bahamas 1GB/Day",BS,1,1,PXHR8FXLL,13.99,USD
"Bahamas 1GB 7Days",BS,1,7,P5ZAV03DT,15.99,USD
"Bahamas 2GB/Day",BS,2,1,PEFIAE7OF,23.99,USD
"Bahamas 3GB 15Days",BS,3,15,PDAVLCGIM,39.99,USD
"Bahamas 3GB 30Days",BS,3,30,PWQAOABDB,42.99,USD
"Bahamas 5GB 30Days",BS,5,30,PLWOMX7F6,66.99,USD
"Bahamas 10GB 30Days",BS,10,30,PZJMU5LA1,121.99,USD
"Bahamas 20GB 30Days",BS,20,30,P3JOVV8MI,222.99,USD
"Bahrain 500MB/Day",BH,0.5,1,PS4XW6D9Y,4.99,USD
"Bahrain 1GB 7Days",BH,1,7,CKH289,6.99,USD
"Bahrain 1GB/Day",BH,1,1,PU3UL09EV,5.99,USD
"Bahrain 3GB 15Days",BH,3,15,CKH290,13.99,USD
"Bahrain 3GB 30Days",BH,3,30,CKH035,16.99,USD
"Bahrain 2GB/Day",BH,2,1,PCF04T9CZ,17.99,USD
"Bahrain 3GB/Day",BH,3,1,PX05WUEX1,22.99,USD
"Bangladesh 500MB/Day",BD,0.5,1,PK5CD34NF,4.99,USD
"Bangladesh 1GB/Day",BD,1,1,PBUY278RL,5.99,USD
"Bangladesh 1GB 7Days",BD,1,7,JC110,6.99,USD
"Bangladesh 2GB/Day",BD,2,1,PQNDWT1QZ,10.99,USD
"Bangladesh 3GB 15Days",BD,3,15,JC112,14.99,USD
"Bangladesh 3GB 30Days",BD,3,30,PKR3FXF16,16.99,USD
"Bangladesh 5GB 30Days",BD,5,30,JC113,22.99,USD
"Bangladesh 10GB 30Days",BD,10,30,JC155,40.99,USD
"Bangladesh 20GB 30Days",BD,20,30,JC156,64.99,USD
"Barbados 500MB/Day",BB,0.5,1,PYF9J6RBC,7.99,USD
"Barbados 1GB/Day",BB,1,1,PCFSAB0KF,11.99,USD
"Barbados 1GB 7Days",BB,1,7,PATBRUYGO,12.99,USD
"Barbados 2GB/Day",BB,2,1,POXI42MW9,20.99,USD
"Barbados 3GB 15Days",BB,3,15,P9UHHY3H1,32.99,USD
"Barbados 3GB 30Days",BB,3,30,PXXTRECLK,34.99,USD
"Barbados 5GB 30Days",BB,5,30,PB38F80U9,54.99,USD
"Barbados 10GB 30Days",BB,10,30,PHCT7N07V,99.99,USD
"Barbados 20GB 30Days",BB,20,30,PKKFL6PNY,182.99,USD
"Belarus 500MB/Day",BY,0.5,1,PM6E3QAJT,4.99,USD
"Belarus 1GB/Day",BY,1,1,P4AE7QRFU,5.99,USD
"Belarus 1GB 7Days",BY,1,7,EF4MLC10,6.99,USD
"Belarus 2GB/Day",BY,2,1,PUDRKR4RF,8.99,USD
"Belarus 3GB 15Days",BY,3,15,ALL95F6M,13.99,USD
"Belarus 3GB 30Days",BY,3,30,P7SD3JF4A,16.99,USD
"Belarus 5GB 30Days",BY,5,30,G9EDN4W6,21.99,USD
"Belarus 10GB 30Days",BY,10,30,TZ1VPT78,33.99,USD
"Belarus 20GB 30Days",BY,20,30,ULP92N4J,59.99,USD
"Belgium 500MB/Day",BE,0.5,1,P4X5L0Z1B,2.99,USD
"Belgium 1GB/Day",BE,1,1,PWRT10ZX4,3.99,USD
"Belgium 1GB 7Days",BE,1,7,CKH202,4.99,USD
"Belgium 2GB/Day",BE,2,1,P3BGYRU56,7.99,USD
"Belgium 3GB 15Days",BE,3,15,CKH203,8.99,USD
"Belgium 3GB 30Days",BE,3,30,CKH077,9.99,USD
"Belgium 5GB 30Days",BE,5,30,CKH116,13.99,USD
"Belgium 10GB 30Days",BE,10,30,CKH204,21.99,USD
"Belgium 20GB 30Days",BE,20,30,CKH502,31.99,USD
"Belgium 50GB 180Days",BE,50,180,PJ4UJHAJC,55.99,USD
"Belize 500MB/Day",BZ,0.5,1,PU2VXXYY2,9.99,USD
"Belize 1GB/Day",BZ,1,1,PXQOTGCLO,15.99,USD
"Belize 1GB 7Days",BZ,1,7,PCB5J6S8Q,17.99,USD
"Belize 2GB/Day",BZ,2,1,PCK6OSYAJ,26.99,USD
"Belize 3GB 15Days",BZ,3,15,P8O5873OG,45.99,USD
"Belize 3GB 30Days",BZ,3,30,P5NO2E4YJ,46.99,USD
"Belize 5GB 30Days",BZ,5,30,P774SBVHY,75.99,USD
"Belize 10GB 30Days",BZ,10,30,P1PAXM6TE,140.99,USD
"Belize 20GB 30Days",BZ,20,30,PUK4NO827,258.99,USD
"Bermuda 500MB/Day",BM,0.5,1,PDDBL3WVS,14.99,USD
"Bermuda 1GB/Day",BM,1,1,PJWGWBWBJ,22.99,USD
"Bermuda 1GB 7Days",BM,1,7,PFUN50P1N,23.99,USD
"Bermuda 2GB/Day",BM,2,1,PCL1R8WZY,39.99,USD
"Bermuda 3GB 15Days",BM,3,15,PJ7T1JPBT,67.99,USD
"Bermuda 3GB 30Days",BM,3,30,PVIRT3263,71.99,USD
"Bermuda 5GB 30Days",BM,5,30,PCQNFKWJY,112.99,USD
"Bermuda 10GB 30Days",BM,10,30,P97UG1JXH,205.99,USD
"Bermuda 20GB 30Days",BM,20,30,PHDYBU21J,377.99,USD
"Bolivia 100MB 7Days",BO,0.1,7,PWB2NZA39,2.99,USD
"Bolivia 500MB 7Days",BO,0.5,7,P3TUFRWYX,6.99,USD
"Bolivia 1GB 7Days",BO,1,7,CKH297,11.99,USD
"Bolivia 3GB 15Days",BO,3,15,CKH298,33.99,USD
"Bolivia 20GB 30Days",BO,20,30,CKH831,198.99,USD
"Bosnia and Herzegovina 500MB/Day",BA,0.5,1,P5F9GWLE1,4.99,USD
"Bosnia and Herzegovina 1GB 7Days",BA,1,7,CKH531,6.99,USD
"Bosnia and Herzegovina 1GB/Day",BA,1,1,PJBZYRUSP,5.99,USD
"Bosnia and Herzegovina 3GB 15Days",BA,3,15,CKH563,13.99,USD
"Bosnia and Herzegovina 3GB 30Days",BA,3,30,PM8VIQATX,16.99,USD
"Bosnia and Herzegovina 5GB 30Days",BA,5,30,CKH564,21.99,USD
"Bosnia and Herzegovina 10GB 30Days",BA,10,30,CKH1034,33.99,USD
"Botswana 1GB 7Days",BW,1,7,CKH368,14.99,USD
"Botswana 3GB 15Days",BW,3,15,CKH397,35.99,USD
"Brazil 100MB 7Days",BR,0.1,7,PTN42GL18,1.99,USD
"Brazil 500MB/Day",BR,0.5,1,P74QTP3AR,4.99,USD
"Brazil 500MB 7Days",BR,0.5,7,PDMS0E5SJ,5.99,USD
"Brazil 1GB/Day",BR,1,1,PT5G8VBW7,5.99,USD
"Brazil 1GB 7Days",BR,1,7,CKH301,6.99,USD
"Brazil 2GB/Day",BR,2,1,PPNNVC3TZ,8.99,USD
"Brazil 3GB 15Days",BR,3,15,CKH317,13.99,USD
"Brazil 3GB 30Days",BR,3,30,PWUJG82CJ,16.99,USD
"Brazil 5GB/Day",BR,5,1,PUQ2TP57A,17.99,USD
"Brazil 5GB 30Days",BR,5,30,CKH333,21.99,USD
"Brazil 10GB 30Days",BR,10,30,CKH349,34.99,USD
"Brazil 20GB 30Days",BR,20,30,CKH860,58.99,USD
"Brazil 50GB 30Days",BR,50,30,CKH861,134.99,USD
"Brunei Darussalam 500MB/Day",BN,0.5,1,PRWWKX908,6.99,USD
"Brunei Darussalam 1GB/Day",BN,1,1,PU2ENL69H,9.99,USD
"Brunei Darussalam 1GB 7Days",BN,1,7,CKH833,9.99,USD
"Brunei Darussalam 3GB 15Days",BN,3,15,CKH834,22.99,USD
"Brunei Darussalam 3GB 30Days",BN,3,30,P5X4PKYN3,22.99,USD
"Brunei Darussalam 20GB 30Days",BN,20,30,CKH837,100.99,USD
"Bulgaria 500MB/Day",BG,0.5,1,PEZ3PBWS2,2.99,USD
"Bulgaria 1GB/Day",BG,1,1,P59XXGYFY,3.99,USD
"Bulgaria 1GB 7Days",BG,1,7,CKH205,4.99,USD
"Bulgaria 2GB/Day",BG,2,1,PTGN0AGAT,6.99,USD
"Bulgaria 3GB 15Days",BG,3,15,CKH206,8.99,USD
"Bulgaria 3GB 30Days",BG,3,30,CKH078,9.99,USD
"Bulgaria 5GB 30Days",BG,5,30,CKH117,12.99,USD
"Bulgaria 10GB 30Days",BG,10,30,CKH207,21.99,USD
"Bulgaria 20GB 30Days",BG,20,30,CKH718,35.99,USD
"Bulgaria 50GB 180Days",BG,50,180,PQQINSIX3,75.99,USD
"Bulgaria 50GB 30Days",BG,50,30,CKH719,90.99,USD
"Burkina Faso 1GB 7Days",BF,1,7,CKH521,14.99,USD
"Burkina Faso 3GB 15Days",BF,3,15,CKH572,35.99,USD
"Burkina Faso 5GB 30Days",BF,5,30,CKH573,52.99,USD
"Cambodia 100MB 7Days",KH,0.1,7,P04JLSJF8,1.99,USD
"Cambodia 500MB/Day",KH,0.5,1,PF4W7T3DU,4.99,USD
"Cambodia 500MB 7Days",KH,0.5,7,P8X892WLZ,5.99,USD
"Cambodia 1GB/Day",KH,1,1,PN31AMMA7,5.99,USD
"Cambodia 1GB 7Days",KH,1,7,JC109,6.99,USD
"Cambodia 2GB/Day",KH,2,1,PTHGTDVN0,8.99,USD
"Cambodia 3GB 15Days",KH,3,15,JC115,13.99,USD
"Cambodia 3GB 30Days",KH,3,30,PKP0J85GD,16.99,USD
"Cambodia 5GB 30Days",KH,5,30,JC116,21.99,USD
"Cambodia 10GB 30Days",KH,10,30,JC149,33.99,USD
"Cambodia 20GB 30Days",KH,20,30,JC150,58.99,USD
"Cameroon 1GB 7Days",CM,1,7,CKH526,14.99,USD
"Cameroon 3GB 15Days",CM,3,15,CKH575,35.99,USD
"Canada 100MB 7Days",CA,0.1,7,PT73ZDYVK,1.99,USD
"Canada 500MB 7Days",CA,0.5,7,PIORZG0R5,3.99,USD
"Canada 500MB/Day",CA,0.5,1,PPPTNR783,4.99,USD
"Canada 1GB 7Days",CA,1,7,CKH516,6.99,USD
"Canada 500MB/Day Premium",CA,0.5,1,PHLT1TL69,4.99,USD
"Canada 1GB/Day",CA,1,1,P4SQTPX02,5.99,USD
"Canada 1GB/Day Premium",CA,1,1,P9PL50ZMD,5.99,USD
"Canada 1GB 7Days Premium",CA,1,7,PJX7F06LT,6.99,USD
"Canada 1.5GB/Day",CA,1.5,1,PDSKSPL0T,7.99,USD
"Canada 2GB/Day",CA,2,1,P3BGO3VLL,8.99,USD
"Canada 3GB 15Days",CA,3,15,CKH578,13.99,USD
"Canada 3GB 30Days",CA,3,30,PJYU684PF,15.99,USD
"Canada 2GB/Day Premium",CA,2,1,PQLY31P4A,8.99,USD
"Canada 3GB/Day",CA,3,1,P58GBEZQ3,10.99,USD
"Canada 5GB 30Days",CA,5,30,CKH579,19.99,USD
"Canada 3GB 15Days Premium",CA,3,15,P7WB63ADP,13.99,USD
"Canada 3GB 30Days Premium",CA,3,30,P350METTD,16.99,USD
"Canada 10GB 30Days",CA,10,30,CKH778,33.99,USD
"Canada 5GB 30Days Premium",CA,5,30,P7R6DFSG9,22.99,USD
"Canada 20GB 30Days",CA,20,30,CKH779,50.99,USD
"Canada 10GB/Day",CA,10,1,PKH1BH2G4,35.99,USD
"Canada 10GB 30Days Premium",CA,10,30,P8Y62PNZU,41.99,USD
"Canada 20GB 30Days Premium",CA,20,30,PTRLH2A81,77.99,USD
"Cayman Islands 500MB/Day",KY,0.5,1,P089AN0P9,7.99,USD
"Cayman Islands 1GB/Day",KY,1,1,PT9HEPLSA,11.99,USD
"Cayman Islands 1GB 7Days",KY,1,7,PK93SBDBR,12.99,USD
"Cayman Islands 2GB/Day",KY,2,1,P47N09B8R,20.99,USD
"Cayman Islands 3GB 15Days",KY,3,15,P8VDKKJSB,32.99,USD
"Cayman Islands 3GB 30Days",KY,3,30,PNXH8MHBY,34.99,USD
"Cayman Islands 5GB 30Days",KY,5,30,P7SKZOMJ1,54.99,USD
"Cayman Islands 10GB 30Days",KY,10,30,PCE87XXRF,99.99,USD
"Cayman Islands 20GB 30Days",KY,20,30,PXR6X2UVA,182.99,USD
"Central African Republic 1GB 7Days",CF,1,7,CKH370,14.99,USD
"Central African Republic 3GB 15Days",CF,3,15,CKH399,35.99,USD
"Central African Republic 5GB 30Days",CF,5,30,CKH428,52.99,USD
"Chad 1GB 7Days",TD,1,7,CKH371,11.99,USD
"Chad 3GB 15Days",TD,3,15,CKH400,28.99,USD
"Chad 3GB 30Days",TD,3,30,PINU8CQ2D,28.99,USD
"Chad 5GB 30Days",TD,5,30,CKH429,42.99,USD
"Chile 100MB 7Days",CL,0.1,7,PMQYGG8GO,2.99,USD
"Chile 500MB/Day",CL,0.5,1,PGB1YO6FF,6.99,USD
"Chile 500MB 7Days",CL,0.5,7,PPOB1J6C1,6.99,USD
"Chile 1GB/Day",CL,1,1,P6EASV493,11.99,USD
"Chile 1GB 7Days",CL,1,7,CKH302,11.99,USD
"Chile 2GB/Day",CL,2,1,PQ795FC96,22.99,USD
"Chile 3GB 15Days",CL,3,15,CKH318,28.99,USD
"Chile 3GB 30Days",CL,3,30,PE362ZII0,28.99,USD
"Chile 5GB 30Days",CL,5,30,CKH334,42.99,USD
"Chile 10GB 30Days",CL,10,30,CKH350,74.99,USD
"Chile 20GB 30Days",CL,20,30,CKH875,126.99,USD
"China mainland 100MB 7Days",CN,0.1,7,PLSSSXN2L,1.99,USD
"China mainland 500MB 7Days",CN,0.5,7,PW9DB7WEK,1.99,USD
"China 500MB/Day",CN,0.5,1,PZ60GWHNI,2.99,USD
"China mainland 500MB/Day (nonhkip)",CN,0.5,1,PBA7XW0H5,2.99,USD
"China 1GB/Day",CN,1,1,P92TALXP8,2.99,USD
"China 1GB 7Days",CN,1,7,JC052,3.99,USD
"China mainland 1GB/Day (nonhkip)",CN,1,1,P6JDSP39N,4.99,USD
"China mainland 1GB 7Days (nonhkip)",CN,1,7,PW3XK1K7U,4.99,USD
"China mainland 2GB/Day",CN,2,1,PBUK9LV51,5.99,USD
"China 3GB 15Days",CN,3,15,JC053,7.99,USD
"China mainland 2GB/Day (nonhkip)",CN,2,1,PYWR9L63K,7.99,USD
"China 3GB 30Days",CN,3,30,P0R7HML2W,8.99,USD
"China mainland 3GB/Day (nonhkip)",CN,3,1,PZ594KWLT,9.99,USD
"China mainland 5GB/Day",CN,5,1,P78LXV6UX,9.99,USD
"China mainland 3GB 15Days (nonhkip)",CN,3,15,PG2YTC5T6,9.99,USD
"China mainland 3GB 30Days (nonhkip)",CN,3,30,PGV5J0UT9,10.99,USD
"China 5GB 30Days",CN,5,30,JC054,10.99,USD
"China mainland 5GB 30Days (nonhkip)",CN,5,30,PJ21HG5FJ,14.99,USD
"China mainland 5GB/Day (nonhkip)",CN,5,1,P468CPENH,14.99,USD
"China 10GB 30Days",CN,10,30,JC055,18.99,USD
"China mainland 10GB/Day (nonhkip)",CN,10,1,P6U5JSNS2,19.99,USD
"China mainland 10GB 30Days (nonhkip)",CN,10,30,PYEJ62J8F,23.99,USD
"China 20GB 30Days",CN,20,30,JC090,28.99,USD
"China mainland 20GB 30Days (nonhkip)",CN,20,30,P0XPU6NY1,41.99,USD
"China 50GB 30Days",CN,50,30,JC091,51.99,USD
"China 50GB 180Days",CN,50,180,PXI7MA5MW,70.99,USD
"China mainland 50GB 30Days (nonhkip)",CN,50,30,PS30ZAQ7S,71.99,USD
"Colombia 100MB 7Days",CO,0.1,7,PPHO2UDYS,2.99,USD
"Colombia 500MB/Day",CO,0.5,1,P9OMFEGJJ,4.99,USD
"Colombia 500MB 7Days",CO,0.5,7,PB36IRVNM,5.99,USD
"Colombia 1GB 7Days",CO,1,7,CKH303,6.99,USD
"Colombia 1GB/Day",CO,1,1,PQXJ02THM,5.99,USD
"Colombia 2GB/Day",CO,2,1,PDOHQ3L9A,9.99,USD
"Colombia 3GB 15Days",CO,3,15,CKH319,13.99,USD
"Colombia 3GB 30Days",CO,3,30,PHX3BYM8E,16.99,USD
"Colombia 5GB 30Days",CO,5,30,CKH335,22.99,USD
"Colombia 10GB 30Days",CO,10,30,CKH351,39.99,USD
"Colombia 20GB 30Days",CO,20,30,CKH877,74.99,USD
"Costa Rica 500MB/Day",CR,0.5,1,P3J2KL1FT,6.99,USD
"Costa Rica 1GB/Day",CR,1,1,PU23HBI0J,9.99,USD
"Costa Rica 1GB 7Days",CR,1,7,CKH304,9.99,USD
"Costa Rica 2GB/Day",CR,2,1,P9SN3NHU8,16.99,USD
"Costa Rica 3GB 15Days",CR,3,15,CKH320,22.99,USD
"Costa Rica 3GB 30Days",CR,3,30,PGHZVEQV6,22.99,USD
"Costa Rica 5GB 30Days",CR,5,30,CKH336,34.99,USD
"Costa Rica 10GB 30Days",CR,10,30,CKH352,58.99,USD
"Costa Rica 20GB 30Days",CR,20,30,CKH940,100.99,USD
"Cote d'Ivoire 1GB 7Days",CI,1,7,CKH374,14.99,USD
"Cote d'Ivoire 3GB 15Days",CI,3,15,CKH403,35.99,USD
"Cote d'Ivoire 5GB 30Days",CI,5,30,CKH432,52.99,USD
"Croatia 500MB/Day",HR,0.5,1,PV1EZMB3M,2.99,USD
"Croatia 1GB/Day",HR,1,1,P3C8CYU5D,3.99,USD
"Croatia 1GB 7Days",HR,1,7,CKH160,4.99,USD
"Croatia 2GB/Day",HR,2,1,PJF1UAJYX,6.99,USD
"Croatia 3GB 15Days",HR,3,15,CKH161,8.99,USD
"Croatia 3GB 30Days",HR,3,30,CKH079,9.99,USD
"Croatia 5GB 30Days",HR,5,30,CKH118,13.99,USD
"Croatia 10GB 30Days",HR,10,30,CKH162,21.99,USD
"Croatia 20GB 30Days",HR,20,30,CKH539,33.99,USD
"Croatia 50GB 180Days",HR,50,180,PQCZMPBQD,70.99,USD
"Cyprus 500MB/Day",CY,0.5,1,PR2QG6WHD,2.99,USD
"Cyprus 1GB/Day",CY,1,1,PTQUYUAC4,3.99,USD
"Cyprus 1GB 7Days",CY,1,7,CKH208,4.99,USD
"Cyprus 2GB/Day",CY,2,1,PNULBHHBS,6.99,USD
"Cyprus 3GB 15Days",CY,3,15,CKH209,8.99,USD
"Cyprus 3GB 30Days",CY,3,30,CKH080,9.99,USD
"Cyprus 5GB 30Days",CY,5,30,CKH119,13.99,USD
"Cyprus 10GB 30Days",CY,10,30,CKH210,21.99,USD
"Cyprus 20GB 30Days",CY,20,30,CKH708,35.99,USD
"Cyprus 50GB 180Days",CY,50,180,PXHQDYUBO,75.99,USD
"Czech Republic 500MB/Day",CZ,0.5,1,P5RX9H6NB,2.99,USD
"Czech Republic 1GB/Day",CZ,1,1,PLSMCMC60,3.99,USD
"Czech Republic 1GB 7Days",CZ,1,7,CKH163,4.99,USD
"Czech Republic 2GB/Day",CZ,2,1,P0Z4X92BZ,6.99,USD
"Czech Republic 3GB 15Days",CZ,3,15,CKH164,8.99,USD
"Czech Republic 3GB 30Days",CZ,3,30,CKH081,9.99,USD
"Czech Republic 5GB 30Days",CZ,5,30,CKH120,13.99,USD
"Czech Republic 10GB 30Days",CZ,10,30,CKH165,21.99,USD
"Czech Republic 20GB 30Days",CZ,20,30,CKH541,34.99,USD
"Czech Republic 50GB 180Days",CZ,50,180,PVFLCUSP6,75.99,USD
"Denmark 500MB/Day",DK,0.5,1,PQDR977DM,2.99,USD
"Denmark 1GB/Day",DK,1,1,PRH1UOA37,3.99,USD
"Denmark 1GB 7Days",DK,1,7,CKH166,4.99,USD
"Denmark 2GB/Day",DK,2,1,PHNMQSROO,6.99,USD
"Denmark 3GB 15Days",DK,3,15,CKH167,8.99,USD
"Denmark 3GB 30Days",DK,3,30,CKH082,9.99,USD
"Denmark 5GB 30Days",DK,5,30,CKH121,13.99,USD
"Denmark 10GB 30Days",DK,10,30,CKH168,21.99,USD
"Denmark 10GB/Day",DK,10,1,PC0KYTX7N,24.99,USD
"Denmark 20GB 30Days",DK,20,30,CKH543,33.99,USD
"Denmark 50GB 180Days",DK,50,180,PJJEKFZJ0,55.99,USD
"Dominica 500MB/Day",DM,0.5,1,P6GINDJK2,8.99,USD
"Dominica 1GB/Day",DM,1,1,PXHJ1U2XP,13.99,USD
"Dominica 1GB 7Days",DM,1,7,PQT943NBY,15.99,USD
"Dominica 2GB/Day",DM,2,1,PZQQXAIZU,23.99,USD
"Dominica 3GB 15Days",DM,3,15,P9TQ8Q5ER,39.99,USD
"Dominica 3GB 30Days",DM,3,30,P29OESJ5J,42.99,USD
"Dominica 5GB 30Days",DM,5,30,P0927KK7J,66.99,USD
"Dominica 10GB 30Days",DM,10,30,P6S2XR3BP,121.99,USD
"Dominica 20GB 30Days",DM,20,30,PVNJC0R7M,222.99,USD
"Dominican Republic 100MB 7Days",DO,0.1,7,PSW0PJJ42,2.99,USD
"Dominican Republic 500MB/Day",DO,0.5,1,PFWU44064,6.99,USD
"Dominican Republic 500MB 7Days",DO,0.5,7,P1P67TYB0,6.99,USD
"Dominican Republic 1GB/Day",DO,1,1,PA32H7KFJ,11.99,USD
"Dominican Republic 1GB 7Days",DO,1,7,JC158,11.99,USD
"Dominican Republic 2GB/Day",DO,2,1,PRENIM469,22.99,USD
"Dominican Republic 3GB 15Days",DO,3,15,JC159,28.99,USD
"Dominican Republic 3GB 30Days",DO,3,30,PVH90GG32,28.99,USD
"Dominican Republic 5GB 30Days",DO,5,30,JC160,42.99,USD
"Dominican Republic 10GB 30Days",DO,10,30,JC161,80.99,USD
"Dominican Republic 20GB 30Days",DO,20,30,JC162,126.99,USD
"Ecuador 1GB 7Days",EC,1,7,CKH305,9.99,USD
"Ecuador 3GB 15Days",EC,3,15,CKH321,22.99,USD
"Egypt 100MB 7Days",EG,0.1,7,PXG3YL37H,1.99,USD
"Egypt 500MB/Day",EG,0.5,1,P6XTH0M8D,4.99,USD
"Egypt 500MB 7Days",EG,0.5,7,PA9ETM2M0,4.99,USD
"Egypt 1GB/Day",EG,1,1,PK564ELYK,5.99,USD
"Egypt 1GB 7Days",EG,1,7,MB024,6.99,USD
"Egypt 2GB/Day",EG,2,1,PZ23T9OT0,8.99,USD
"Egypt 3GB 15Days",EG,3,15,MB029,13.99,USD
"Egypt 3GB 30Days",EG,3,30,PNLOUKFKT,16.99,USD
"Egypt 5GB 30Days",EG,5,30,MB034,21.99,USD
"Egypt 10GB 30Days",EG,10,30,MB039,33.99,USD
"Egypt 20GB 30Days",EG,20,30,PIXA8CXUL,52.99,USD
"El Salvador 100MB 7Days",SV,0.1,7,P5LC2VD5D,2.99,USD
"El Salvador 500MB 7Days",SV,0.5,7,PNPJOTSWS,6.99,USD
"El Salvador 1GB 7Days",SV,1,7,CKH306,11.99,USD
"El Salvador 3GB 15Days",SV,3,15,CKH322,28.99,USD
"Estonia 500MB/Day",EE,0.5,1,PWPW36V1P,2.99,USD
"Estonia 1GB/Day",EE,1,1,PQ9HV94GM,3.99,USD
"Estonia 1GB 7Days",EE,1,7,CKH211,4.99,USD
"Estonia 2GB/Day",EE,2,1,P5BKBFK5M,6.99,USD
"Estonia 3GB 15Days",EE,3,15,CKH212,8.99,USD
"Estonia 3GB 30Days",EE,3,30,CKH083,9.99,USD
"Estonia 5GB 30Days",EE,5,30,CKH122,13.99,USD
"Estonia 10GB 30Days",EE,10,30,CKH213,21.99,USD
"Estonia 20GB 30Days",EE,20,30,CKH710,31.99,USD
"Estonia 50GB 180Days",EE,50,180,PF1EBHZY5,75.99,USD
"Eswatini 1GB 7Days",SZ,1,7,CKH389,14.99,USD
"Eswatini 3GB 15Days",SZ,3,15,CKH418,35.99,USD
"Faroe Islands 500MB/Day",FO,0.5,1,PJV1779LN,4.99,USD
"Faroe Islands 1GB/Day",FO,1,1,P44K0X94U,5.99,USD
"Faroe Islands 1GB 7Days",FO,1,7,P2EFNHGYX,6.99,USD
"Faroe Islands 2GB/Day",FO,2,1,PLM4RXQ20,8.99,USD
"Faroe Islands 3GB 15Days",FO,3,15,PI3V1NAAD,13.99,USD
"Faroe Islands 3GB 30Days",FO,3,30,PWFJ559XB,16.99,USD
"Faroe Islands 5GB 30Days",FO,5,30,PIMAPSJ1X,21.99,USD
"Faroe Islands 10GB 30Days",FO,10,30,PZR8PWMR8,33.99,USD
"Faroe Islands 20GB 30Days",FO,20,30,PJZLJ0Q0C,61.99,USD
"Finland 500MB/Day",FI,0.5,1,P86IZZAO9,1.99,USD
"Finland 1GB/Day",FI,1,1,PCMZ4TZT8,2.99,USD
"Finland 1GB 7Days",FI,1,7,CKH214,3.99,USD
"Finland 2GB/Day",FI,2,1,PBCIBKPGY,4.99,USD
"Finland 3GB 15Days",FI,3,15,CKH215,7.99,USD
"Finland 3GB 30Days",FI,3,30,CKH084,8.99,USD
"Finland 5GB 30Days",FI,5,30,CKH123,10.99,USD
"Finland 10GB 30Days",FI,10,30,CKH216,18.99,USD
"Finland 20GB 30Days",FI,20,30,CKH712,31.99,USD
"Finland 50GB 180Days",FI,50,180,PU4UANEPA,70.99,USD
"France 100MB 7Days",FR,0.1,7,PJSV39OVZ,1.99,USD
"France 500MB/Day",FR,0.5,1,PL2WG7K9D,1.99,USD
"France 1GB/Day",FR,1,1,PG0H26XJA,2.99,USD
"France 1GB 7Days",FR,1,7,CKH990,3.99,USD
"France 2GB/Day",FR,2,1,P05WBGPG2,5.99,USD
"France 3GB 15Days",FR,3,15,CKH991,7.99,USD
"France 3GB 30Days",FR,3,30,CKH977,8.99,USD
"France 5GB/Day",FR,5,1,P2G8P5FHJ,9.99,USD
"France 5GB 30Days",FR,5,30,CKH983,10.99,USD
"France 10GB 30Days",FR,10,30,CKH992,18.99,USD
"France 10GB/Day",FR,10,1,PVJEVQUMB,23.99,USD
"France 20GB 30Days",FR,20,30,CKH1005,28.99,USD
"France 50GB 30Days",FR,50,30,CKH1006,51.99,USD
"France 50GB 180Days",FR,50,180,P5ML89XJG,55.99,USD
"Gabon 1GB 7Days",GA,1,7,CKH376,9.99,USD
"Gabon 3GB 15Days",GA,3,15,CKH405,22.99,USD
"Georgia 500MB/Day",GE,0.5,1,PJCB7UMFE,4.99,USD
"Georgia 1GB/Day",GE,1,1,PYA78QW9K,5.99,USD
"Georgia 1GB 7Days",GE,1,7,CKH511,6.99,USD
"Georgia 2GB/Day",GE,2,1,PQ17VC467,8.99,USD
"Georgia 3GB 15Days",GE,3,15,CKH601,13.99,USD
"Georgia 3GB 30Days",GE,3,30,CKH970,15.99,USD
"Georgia 5GB 30Days",GE,5,30,CKH602,19.99,USD
"Georgia 10GB 30Days",GE,10,30,CKH742,33.99,USD
"Georgia 20GB 30Days",GE,20,30,CKH743,50.99,USD
"Germany 500MB/Day",DE,0.5,1,PQWSL862L,1.99,USD
"Germany 1GB/Day",DE,1,1,PXB5F4VY4,2.99,USD
"Germany 1GB 7Days",DE,1,7,CKH993,3.99,USD
"Germany 2GB/Day",DE,2,1,PQ6VQPJ28,5.99,USD
"Germany 3GB 15Days",DE,3,15,CKH994,7.99,USD
"Germany 3GB 30Days",DE,3,30,CKH978,8.99,USD
"Germany 5GB/Day",DE,5,1,P241WBSZG,10.99,USD
"Germany 5GB 30Days",DE,5,30,CKH984,10.99,USD
"Germany 10GB 30Days",DE,10,30,CKH995,18.99,USD
"Germany 10GB/Day",DE,10,1,PD4VO3WTT,25.99,USD
"Germany 20GB 30Days",DE,20,30,CKH1013,28.99,USD
"Germany 50GB 30Days",DE,50,30,CKH1014,51.99,USD
"Germany 50GB 180Days",DE,50,180,PMDYU8KU3,55.99,USD
"Gibraltar 1GB 7Days",GI,1,7,CKH481,6.99,USD
"Gibraltar 3GB 15Days",GI,3,15,CKH482,14.99,USD
"Gibraltar 3GB 30Days",GI,3,30,CKH114,16.99,USD
"Gibraltar 10GB 30Days",GI,10,30,CKH483,38.99,USD
"Greece 100MB 7Days",GR,0.1,7,PFUXC3Q25,1.99,USD
"Greece 500MB/Day",GR,0.5,1,PZZSMZCWX,2.99,USD
"Greece 500MB 7Days",GR,0.5,7,PT6Q7SZKX,2.99,USD
"Greece 1GB/Day",GR,1,1,PFS5H1QC7,3.99,USD
"Greece 1GB 7Days",GR,1,7,CKH996,4.99,USD
"Greece 2GB/Day",GR,2,1,PL6M2BY1R,6.99,USD
"Greece 3GB 15Days",GR,3,15,CKH997,8.99,USD
"Greece 3GB 30Days",GR,3,30,CKH979,9.99,USD
"Greece 5GB 30Days",GR,5,30,CKH985,13.99,USD
"Greece 10GB 30Days",GR,10,30,CKH998,21.99,USD
"Greece 10GB/Day",GR,10,1,PFYE1JN93,25.99,USD
"Greece 20GB 30Days",GR,20,30,CKH1007,34.99,USD
"Greece 50GB 30Days",GR,50,30,CKH1008,52.99,USD
"Greece 50GB 180Days",GR,50,180,PGLSEATB8,55.99,USD
"Grenada 500MB/Day",GD,0.5,1,PZLV4RGRW,7.99,USD
"Grenada 1GB/Day",GD,1,1,P4AY6LAW2,11.99,USD
"Grenada 1GB 7Days",GD,1,7,PR3Z1VRWG,12.99,USD
"Grenada 2GB/Day",GD,2,1,PB5NZ336R,20.99,USD
"Grenada 3GB 15Days",GD,3,15,PWWBPR5YF,32.99,USD
"Grenada 3GB 30Days",GD,3,30,PCXLLEW41,34.99,USD
"Grenada 5GB 30Days",GD,5,30,P40F5FMJB,54.99,USD
"Grenada 10GB 30Days",GD,10,30,POK07FKSG,99.99,USD
"Grenada 20GB 30Days",GD,20,30,PANC5HIS7,182.99,USD
"Guadeloupe 1GB 7Days",GP,1,7,CKH812,6.99,USD
"Guadeloupe 3GB 15Days",GP,3,15,CKH813,14.99,USD
"Guadeloupe 10GB 30Days",GP,10,30,CKH815,36.99,USD
"Guadeloupe 20GB 30Days",GP,20,30,CKH816,64.99,USD
"Guam 1GB 7Days",GU,1,7,PNCYQZAZN,7.99,USD
"Guam 3GB 15Days",GU,3,15,PKEMRQFAC,17.99,USD
"Guam 3GB 30Days",GU,3,30,PEOWI61PF,18.99,USD
"Guam 5GB 30Days",GU,5,30,PIN2SHYSA,27.99,USD
"Guam 10GB 30Days",GU,10,30,PMYQIPASB,46.99,USD
"Guam 20GB 30Days",GU,20,30,P04857JJB,80.99,USD
"Guatemala 100MB 7Days",GT,0.1,7,PAQGBYCEU,2.99,USD
"Guatemala 500MB 7Days",GT,0.5,7,PBXNQWYKN,6.99,USD
"Guatemala 1GB 7Days",GT,1,7,CKH309,11.99,USD
"Guatemala 3GB 15Days",GT,3,15,CKH325,28.99,USD
"Guernsey 1GB 7Days",GG,1,7,CKH608,6.99,USD
"Guernsey 3GB 15Days",GG,3,15,CKH609,14.99,USD
"Guernsey 3GB 30Days",GG,3,30,CKH109,16.99,USD
"Guernsey 5GB 30Days",GG,5,30,CKH148,23.99,USD
"Guernsey 20GB 30Days",GG,20,30,CKH788,67.99,USD
"Honduras 100MB 7Days",HN,0.1,7,P3WDTMWGS,2.99,USD
"Honduras 500MB/Day",HN,0.5,1,PODBKMPQ0,5.99,USD
"Honduras 500MB 7Days",HN,0.5,7,PUVM8ICPC,5.99,USD
"Honduras 1GB/Day",HN,1,1,PEB18CCEW,9.99,USD
"Honduras 1GB 7Days",HN,1,7,CKH310,9.99,USD
"Honduras 2GB/Day",HN,2,1,PSI8DXNHB,16.99,USD
"Honduras 3GB 15Days",HN,3,15,CKH326,22.99,USD
"Honduras 3GB 30Days",HN,3,30,PMVR6J422,22.99,USD
"Honduras 5GB 30Days",HN,5,30,CKH342,35.99,USD
"Honduras 10GB 30Days",HN,10,30,CKH358,64.99,USD
"Honduras 20GB 30Days",HN,20,30,CKH895,120.99,USD
"Hong Kong (China) 100MB 7Days",HK,0.1,7,P8TY7BI5M,1.99,USD
"Hong Kong (China) 500MB 7Days",HK,0.5,7,PHEVTW8NP,1.99,USD
"Hong Kong (China) 500MB/Day",HK,0.5,1,P6SW3B9NG,2.99,USD
"Hong Kong 1GB 7Days",HK,1,7,JC021,3.99,USD
"Hong Kong 1GB/Day",HK,1,1,PPGUJ3XIX,3.99,USD
"Hong Kong 2GB/Day",HK,2,1,PJHK9ATRD,7.99,USD
"Hong Kong 3GB 15Days",HK,3,15,JC022,7.99,USD
"Hong Kong 3GB 30Days",HK,3,30,JC004,8.99,USD
"Hong Kong 3GB/Day",HK,3,1,PE3UHN6BJ,9.99,USD
"Hong Kong 5GB 30Days",HK,5,30,JC005,10.99,USD
"Hong Kong 5GB/Day",HK,5,1,PDTNE7W56,14.99,USD
"Hong Kong 10GB/Day",HK,10,1,PG9WP0YY6,18.99,USD
"Hong Kong 10GB 30Days",HK,10,30,JC023,18.99,USD
"Hong Kong 20GB 30Days",HK,20,30,JC104,28.99,USD
"Hong Kong 50GB 30Days",HK,50,30,JC105,51.99,USD
"Hong Kong 50GB 180Days",HK,50,180,P4MCCLBKV,70.99,USD
"Hungary 500MB/Day",HU,0.5,1,PUJ9JZ49L,2.99,USD
"Hungary 1GB/Day",HU,1,1,PCDALO1ZH,3.99,USD
"Hungary 1GB 7Days",HU,1,7,CKH178,4.99,USD
"Hungary 2GB/Day",HU,2,1,P8DVM8J4F,6.99,USD
"Hungary 3GB 15Days",HU,3,15,CKH179,8.99,USD
"Hungary 3GB 30Days",HU,3,30,CKH088,9.99,USD
"Hungary 5GB 30Days",HU,5,30,CKH127,13.99,USD
"Hungary 10GB 30Days",HU,10,30,CKH180,21.99,USD
"Hungary 20GB 30Days",HU,20,30,CKH545,31.99,USD
"Hungary 50GB 180Days",HU,50,180,PNLUHHYLQ,55.99,USD
"Iceland 1GB 7Days",IS,1,7,CKH217,6.99,USD
"Iceland 3GB 15Days",IS,3,15,CKH218,12.99,USD
"Iceland 3GB 30Days",IS,3,30,CKH089,13.99,USD
"Iceland 5GB 30Days",IS,5,30,CKH128,19.99,USD
"Iceland 10GB 30Days",IS,10,30,CKH219,33.99,USD
"Iceland 10GB/Day",IS,10,1,P1JU3VLB5,28.99,USD
"Iceland 20GB 30Days",IS,20,30,CKH714,50.99,USD
"Iceland 50GB 180Days",IS,50,180,PKK3BVKVF,92.99,USD
"India 100MB 7Days",IN,0.1,7,PNJCUC29S,1.99,USD
"India 500MB/Day",IN,0.5,1,PGS3HB984,4.99,USD
"India 500MB 7Days",IN,0.5,7,P6YUDXUN4,5.99,USD
"India 1GB 7Days",IN,1,7,JC060,6.99,USD
"India 1GB/Day",IN,1,1,PYGUMRHX1,5.99,USD
"India 2GB/Day",IN,2,1,PKS9FL7X0,8.99,USD
"India 3GB 15Days",IN,3,15,JC061,13.99,USD
"India 3GB 30Days",IN,3,30,PJV33QPAB,16.99,USD
"India 5GB 30Days",IN,5,30,JC062,21.99,USD
"India 10GB 30Days",IN,10,30,JC140,33.99,USD
"India 10GB/Day",IN,10,1,PRWGGZ9J4,32.99,USD
"India 20GB 30Days",IN,20,30,JC141,58.99,USD
"Indonesia 100MB 7Days",ID,0.1,7,P402OGJG8,1.99,USD
"Indonesia 500MB 7Days",ID,0.5,7,PXAMZZVNT,1.99,USD
"Indonesia 500MB/Day",ID,0.5,1,PXCJQ9KNR,2.99,USD
"Indonesia 500MB/Day (nonhkip)",ID,0.5,1,PC374AFNY,2.99,USD
"Indonesia 1GB 7Days",ID,1,7,JC056,3.99,USD
"Indonesia 1GB/Day",ID,1,1,PGBV9EXGK,4.99,USD
"Indonesia 1GB/Day (nonhkip)",ID,1,1,P2TU7X1XJ,4.99,USD
"Indonesia 1GB 7Days (nonhkip)",ID,1,7,PRG960RGE,5.99,USD
"Indonesia 2GB/Day",ID,2,1,P3RA09KRL,7.99,USD
"Indonesia 3GB 15Days",ID,3,15,JC057,7.99,USD
"Indonesia 3GB 30Days",ID,3,30,P3H6TP1TU,8.99,USD
"Indonesia 2GB/Day (nonhkip)",ID,2,1,P09WQCRL3,8.99,USD
"Indonesia 3GB/Day",ID,3,1,PWV1DH08R,9.99,USD
"Indonesia 3GB 15Days (nonhkip)",ID,3,15,P0BS87WNL,10.99,USD
"Indonesia 5GB 30Days",ID,5,30,JC058,10.99,USD
"Indonesia 3GB 30Days (nonhkip)",ID,3,30,PM0CT2D8F,11.99,USD
"Indonesia 5GB 30Days (nonhkip)",ID,5,30,P0YGLXY82,17.99,USD
"Indonesia 10GB 30Days",ID,10,30,JC059,18.99,USD
"Indonesia 10GB 30Days (nonhkip)",ID,10,30,PSGW82WV9,26.99,USD
"Indonesia 10GB/Day",ID,10,1,P2KEH0D5E,28.99,USD
"Indonesia 20GB 30Days",ID,20,30,JC143,28.99,USD
"Indonesia 20GB 30Days (nonhkip)",ID,20,30,PNRFJ542B,31.99,USD
"Indonesia 50GB 30Days",ID,50,30,JC144,51.99,USD
"Iraq 500MB/Day",IQ,0.5,1,P6XJ4XAA1,4.99,USD
"Iraq 1GB/Day",IQ,1,1,PS0TRW67Y,5.99,USD
"Iraq 1GB 7Days",IQ,1,7,PYWYI9SF9,6.99,USD
"Iraq 2GB/Day",IQ,2,1,PQ206NZYN,8.99,USD
"Iraq 3GB/Day",IQ,3,1,P3YAYU76M,11.99,USD
"Iraq 3GB 15Days",IQ,3,15,PTNYXA9SL,13.99,USD
"Iraq 3GB 30Days",IQ,3,30,PZ946KWYR,16.99,USD
"Iraq 5GB 30Days",IQ,5,30,PDWAU6W53,21.99,USD
"Iraq 10GB 30Days",IQ,10,30,PXN1G3M0J,36.99,USD
"Iraq 20GB 30Days",IQ,20,30,PL9XC4P2C,68.99,USD
"Ireland 500MB/Day",IE,0.5,1,PZPTIBNIE,2.99,USD
"Ireland 500MB 3Days",IE,0.5,3,PC3TTT87P,2.99,USD
"Ireland 1GB/Day",IE,1,1,PC0TA4B6L,3.99,USD
"Ireland 1GB 7Days",IE,1,7,CKH220,4.99,USD
"Ireland 2GB/Day",IE,2,1,PDB6K4TRZ,6.99,USD
"Ireland 3GB 15Days",IE,3,15,CKH221,8.99,USD
"Ireland 3GB 30Days",IE,3,30,CKH090,9.99,USD
"Ireland 5GB 30Days",IE,5,30,CKH129,13.99,USD
"Ireland 10GB 30Days",IE,10,30,CKH222,21.99,USD
"Ireland 20GB 30Days",IE,20,30,CKH720,33.99,USD
"Ireland 50GB 180Days",IE,50,180,PJVVSY6IR,55.99,USD
"Isle of Man 500MB/Day",IM,0.5,1,PXRAMVFDG,2.99,USD
"Isle of Man 1GB/Day",IM,1,1,P17YPEPBN,4.99,USD
"Isle of Man 1GB 7Days",IM,1,7,CKH259,4.99,USD
"Isle of Man 2GB/Day",IM,2,1,P14HO0GYR,8.99,USD
"Isle of Man 3GB 15Days",IM,3,15,CKH260,11.99,USD
"Isle of Man 3GB 30Days",IM,3,30,CKH106,12.99,USD
"Isle of Man 5GB 30Days",IM,5,30,CKH145,17.99,USD
"Isle of Man 10GB 30Days",IM,10,30,CKH261,26.99,USD
"Isle of Man 20GB 30Days",IM,20,30,CKH745,38.99,USD
"Israel 1GB 7Days",IL,1,7,CKH223,6.99,USD
"Israel 500MB/Day",IL,0.5,1,P6EUQ8HV5,4.99,USD
"Israel 1GB/Day",IL,1,1,P83SJWZ7Z,5.99,USD
"Israel 3GB 15Days",IL,3,15,CKH224,13.99,USD
"Israel 3GB 30Days",IL,3,30,CKH024,15.99,USD
"Israel 2GB/Day",IL,2,1,PQSCDP235,10.99,USD
"Israel 5GB 30Days",IL,5,30,CKH225,19.99,USD
"Israel 3GB/Day",IL,3,1,PYCQ2P3E1,16.99,USD
"Israel 10GB 30Days",IL,10,30,CKH226,33.99,USD
"Israel 20GB 30Days",IL,20,30,CKH722,50.99,USD
"Israel 50GB 180Days",IL,50,180,PWCDVUQGM,92.99,USD
"Italy 500MB/Day",IT,0.5,1,P79VVN4GK,1.99,USD
"Italy 1GB/Day",IT,1,1,PZARONTRP,2.99,USD
"Italy 1GB 7Days",IT,1,7,CKH227,3.99,USD
"Italy 2GB/Day",IT,2,1,PMMQ41F5S,5.99,USD
"Italy 3GB 15Days",IT,3,15,CKH228,7.99,USD
"Italy 3GB 30Days",IT,3,30,CKH091,8.99,USD
"Italy 5GB/Day",IT,5,1,P9Z3HQ8HG,9.99,USD
"Italy 5GB 30Days",IT,5,30,CKH130,10.99,USD
"Italy 10GB 30Days",IT,10,30,CKH229,18.99,USD
"Italy 10GB/Day",IT,10,1,PT69SXX00,23.99,USD
"Italy 20GB 30Days",IT,20,30,CKH504,28.99,USD
"Italy 50GB 30Days",IT,50,30,CKH505,51.99,USD
"Italy 50GB 180Days",IT,50,180,PX1CNITSE,55.99,USD
"Jamaica 100MB 7Days",JM,0.1,7,PTFBO8IJH,3.99,USD
"Jamaica 500MB 7Days",JM,0.5,7,PQEWVNTV7,7.99,USD
"Jamaica 1GB 7Days",JM,1,7,P0CM6KM7E,14.99,USD
"Jamaica 3GB 15Days",JM,3,15,P5KF3LWV4,35.99,USD
"Jamaica 3GB 30Days",JM,3,30,PTJ9SYG69,35.99,USD
"Jamaica 5GB 30Days",JM,5,30,PPDAG2ZLG,52.99,USD
"Jamaica 10GB 30Days",JM,10,30,PMB6QS4ZN,101.99,USD
"Jamaica 20GB 30Days",JM,20,30,PLKIA6PIQ,179.99,USD
"Japan 100MB 7Days",JP,0.1,7,P6ZMSDS1G,1.99,USD
"Japan 500MB 7Days",JP,0.5,7,PVDISIFP6,1.99,USD
"Japan 500MB/Day",JP,0.5,1,P9JS074W4,2.99,USD
"Japan 500MB/Day (IIJ)",JP,0.5,1,PG64B5GYU,2.99,USD
"Japan 500MB/Day (nonhkip)",JP,0.5,1,PLVVS2N87,2.99,USD
"Japan 1GB 7Days",JP,1,7,JC063,3.99,USD
"Japan 1GB 7Days (IIJ)",JP,1,7,PK3VHQ9T6,3.99,USD
"Japan 1GB/Day (nonhkip)",JP,1,1,P1GCN5FS9,4.99,USD
"Japan 1GB/Day",JP,1,1,P9TF1FXDA,4.99,USD
"Japan 1GB/Day (IIJ)",JP,1,1,PY2M1AG9T,4.99,USD
"Japan 1GB 7Days (nonhkip)",JP,1,7,P94JA3ZNK,4.99,USD
"Japan 3GB 15Days",JP,3,15,JC064,7.99,USD
"Japan 3GB 15Days (IIJ)",JP,3,15,PR8JET2E0,7.99,USD
"Japan 3GB 30Days",JP,3,30,P2AJZD4YX,8.99,USD
"Japan 3GB 30Days (IIJ)",JP,3,30,P2P4EE3TH,8.99,USD
"Japan 2GB/Day (nonhkip)",JP,2,1,P2H1DV6JP,8.99,USD
"Japan 2GB/Day",JP,2,1,PPWBVT0BF,8.99,USD
"Japan 2GB/Day (IIJ)",JP,2,1,PPBL468ZK,8.99,USD
"Japan 3GB/Day",JP,3,1,P0GTZA81N,8.99,USD
"Japan 3GB/Day (IIJ)",JP,3,1,PR4ZUE9A0,8.99,USD
"Japan 3GB/Day (nonhkip)",JP,3,1,PZ1MZLM46,9.99,USD
"Japan 5GB 30Days",JP,5,30,JC065,10.99,USD
"Japan 5GB 30Days (IIJ)",JP,5,30,PYTKZG843,10.99,USD
"Japan 3GB 15Days (nonhkip)",JP,3,15,PYA70JN8W,11.99,USD
"Japan 3GB 30Days (nonhkip)",JP,3,30,P97ZKMZW6,11.99,USD
"Japan 5GB/Day (nonhkip)",JP,5,1,PK51LBYG2,14.99,USD
"Japan 5GB 30Days (nonhkip)",JP,5,30,PCUVF4Y91,15.99,USD
"Japan 5GB/Day",JP,5,1,PFFM6ED75,15.99,USD
"Japan 10GB 30Days",JP,10,30,JC066,18.99,USD
"Japan 10GB 30Days (IIJ)",JP,10,30,PAK783GRS,18.99,USD
"Japan 10GB/Day (nonhkip)",JP,10,1,PNYCXG870,19.99,USD
"Japan 10GB 30Days (nonhkip)",JP,10,30,PR2V54EPD,23.99,USD
"Japan 10GB/Day",JP,10,1,PGURVYHQ1,25.99,USD
"Japan 20GB 30Days",JP,20,30,JC145,28.99,USD
"Japan 20GB 30Days (IIJ)",JP,20,30,PMR7KU23C,28.99,USD
"Japan 20GB 30Days (nonhkip)",JP,20,30,P7U1JSX2H,33.99,USD
"Japan 50GB 30Days",JP,50,30,P98RPDQR0,51.99,USD
"Japan 50GB 30Days (IIJ)",JP,50,30,PE5N02WZA,51.99,USD
"Japan 50GB 180Days",JP,50,180,PL4E7JOWX,70.99,USD
"Jersey 500MB/Day",JE,0.5,1,PK7Q1NGDW,1.99,USD
"Jersey 1GB/Day",JE,1,1,PLQZOM7EE,2.99,USD
"Jersey 1GB 7Days",JE,1,7,CKH262,3.99,USD
"Jersey 2GB/Day",JE,2,1,PGDCLDN4O,4.99,USD
"Jersey 3GB 15Days",JE,3,15,CKH263,7.99,USD
"Jersey 3GB 30Days",JE,3,30,CKH107,8.99,USD
"Jersey 5GB 30Days",JE,5,30,CKH146,10.99,USD
"Jersey 10GB 30Days",JE,10,30,CKH264,18.99,USD
"Jersey 20GB 30Days",JE,20,30,CKH753,28.99,USD
"Jordan 100MB 7Days",JO,0.1,7,PF8LJK42E,1.99,USD
"Jordan 500MB 7Days",JO,0.5,7,PJMMVWOED,4.99,USD
"Jordan 500MB/Day",JO,0.5,1,PL3LOJLMM,4.99,USD
"Jordan 1GB/Day",JO,1,1,PJ0NTC74S,5.99,USD
"Jordan 1GB 7Days",JO,1,7,CKH269,6.99,USD
"Jordan 2GB/Day",JO,2,1,P10JVIWAX,8.99,USD
"Jordan 3GB 15Days",JO,3,15,CKH270,13.99,USD
"Jordan 3GB 30Days",JO,3,30,CKH026,16.99,USD
"Jordan 5GB 30Days",JO,5,30,CKH271,21.99,USD
"Jordan 10GB 30Days",JO,10,30,CKH272,33.99,USD
"Jordan 20GB 30Days",JO,20,30,CKH790,50.99,USD
"Jordan 50GB 30Days",JO,50,30,CKH791,93.99,USD
"Kazakhstan 100MB 7Days",KZ,0.1,7,PHGAWJM6O,1.99,USD
"Kazakhstan 500MB 7Days",KZ,0.5,7,PDM9Z6FE4,1.99,USD
"Kazakhstan 500MB/Day",KZ,0.5,1,P4POR17S1,1.99,USD
"Kazakhstan 1GB/Day",KZ,1,1,P32EQ8DV4,3.99,USD
"Kazakhstan 1GB 7Days",KZ,1,7,CKH1030,3.99,USD
"Kazakhstan 2GB/Day",KZ,2,1,PFDBQC206,5.99,USD
"Kazakhstan 3GB 15Days",KZ,3,15,CKH1031,8.99,USD
"Kazakhstan 3GB 30Days",KZ,3,30,PY58ICLPM,8.99,USD
"Kazakhstan 5GB 30Days",KZ,5,30,CKH1032,13.99,USD
"Kazakhstan 10GB 30Days",KZ,10,30,CKH750,21.99,USD
"Kazakhstan 20GB 30Days",KZ,20,30,CKH751,34.99,USD
"Kenya 100MB 7Days",KE,0.1,7,P9A3DBLOA,3.99,USD
"Kenya 500MB/Day",KE,0.5,1,PCXBRZZU0,6.99,USD
"Kenya 500MB 7Days",KE,0.5,7,PCL9P1W3O,6.99,USD
"Kenya 1GB/Day",KE,1,1,PPH6FKY49,11.99,USD
"Kenya 1GB 7Days",KE,1,7,CKH379,11.99,USD
"Kenya 2GB/Day",KE,2,1,PBKIR0H34,20.99,USD
"Kenya 3GB 15Days",KE,3,15,CKH408,28.99,USD
"Kenya 3GB 30Days",KE,3,30,PEH7HFFBP,28.99,USD
"Kenya 5GB 30Days",KE,5,30,CKH437,42.99,USD
"Kenya 10GB 30Days",KE,10,30,CKH466,80.99,USD
"Kenya 20GB 30Days",KE,20,30,CKH897,150.99,USD
"Kosovo 1GB 7Days",XK,1,7,CKH530,11.99,USD
"Kosovo 3GB 15Days",XK,3,15,CKH625,28.99,USD
"Kosovo 3GB 30Days",XK,3,30,P6QQ216QM,28.99,USD
"Kosovo 5GB 30Days",XK,5,30,CKH626,42.99,USD
"Kuwait 100MB 7Days",KW,0.1,7,PDM89TRPE,1.99,USD
"Kuwait 500MB/Day",KW,0.5,1,P4323N0PJ,4.99,USD
"Kuwait 500MB 7Days",KW,0.5,7,PKQCL0J5I,5.99,USD
"Kuwait 1GB/Day",KW,1,1,PY1F5Y3BJ,5.99,USD
"Kuwait 1GB 7Days",KW,1,7,CKH512,6.99,USD
"Kuwait 2GB/Day",KW,2,1,PMTNXRR64,8.99,USD
"Kuwait 3GB 15Days",KW,3,15,CKH628,13.99,USD
"Kuwait 3GB 30Days",KW,3,30,CKH027,16.99,USD
"Kuwait 5GB 30Days",KW,5,30,CKH629,21.99,USD
"Kuwait 10GB 30Days",KW,10,30,CKH747,33.99,USD
"Kuwait 20GB 30Days",KW,20,30,CKH748,58.99,USD
"Kyrgyzstan 500MB/Day",KG,0.5,1,PUIVD1RD4,2.99,USD
"Kyrgyzstan 1GB/Day",KG,1,1,PDILOEDDK,2.99,USD
"Kyrgyzstan 1GB 7Days",KG,1,7,CKH755,3.99,USD
"Kyrgyzstan 2GB/Day",KG,2,1,PPZCNPUXT,5.99,USD
"Kyrgyzstan 3GB 15Days",KG,3,15,CKH756,8.99,USD
"Kyrgyzstan 3GB 30Days",KG,3,30,PNSXFJGWM,8.99,USD
"Kyrgyzstan 5GB 30Days",KG,5,30,CKH757,13.99,USD
"Kyrgyzstan 10GB 30Days",KG,10,30,CKH758,21.99,USD
"Kyrgyzstan 20GB 30Days",KG,20,30,CKH759,33.99,USD
"Laos 500MB/Day",LA,0.5,1,PTC4ZQY48,4.99,USD
"Laos 1GB/Day",LA,1,1,P7JFJT4O6,5.99,USD
"Laos 1GB 7Days",LA,1,7,PRJRJMRWG,6.99,USD
"Laos 2GB/Day",LA,2,1,PQSK2SPR5,8.99,USD
"Laos 3GB 15Days",LA,3,15,PG7RIWZSN,13.99,USD
"Laos 3GB 30Days",LA,3,30,P7L62EHQA,16.99,USD
"Laos 5GB 30Days",LA,5,30,P1XP4UNRX,21.99,USD
"Laos 10GB 30Days",LA,10,30,PMEU46PCP,37.99,USD
"Laos 20GB 30Days",LA,20,30,P816U71A8,68.99,USD
"Latvia 1GB 7Days",LV,1,7,CKH181,4.99,USD
"Latvia 3GB 15Days",LV,3,15,CKH182,8.99,USD
"Latvia 3GB 30Days",LV,3,30,CKH092,9.99,USD
"Latvia 5GB 30Days",LV,5,30,CKH131,13.99,USD
"Latvia 10GB 30Days",LV,10,30,CKH183,21.99,USD
"Latvia 20GB 30Days",LV,20,30,CKH702,31.99,USD
"Latvia 50GB 180Days",LV,50,180,PUS1LIQUY,75.99,USD
"Liberia 1GB 7Days",LR,1,7,CKH380,11.99,USD
"Liberia 3GB 15Days",LR,3,15,CKH409,28.99,USD
"Liberia 3GB 30Days",LR,3,30,P55TYKDMT,28.99,USD
"Liberia 5GB 30Days",LR,5,30,CKH438,42.99,USD
"Liechtenstein 1GB 7Days",LI,1,7,CKH1015,6.99,USD
"Liechtenstein 3GB 15Days",LI,3,15,CKH1021,12.99,USD
"Liechtenstein 3GB 30Days",LI,3,30,CKH981,12.99,USD
"Liechtenstein 10GB 30Days",LI,10,30,PNQIKVPVA,33.99,USD
"Lithuania 500MB/Day",LT,0.5,1,P7JVA84DW,2.99,USD
"Lithuania 1GB/Day",LT,1,1,PN9PPL1MT,3.99,USD
"Lithuania 1GB 7Days",LT,1,7,CKH184,4.99,USD
"Lithuania 2GB/Day",LT,2,1,PZJ3KLU0J,6.99,USD
"Lithuania 3GB 15Days",LT,3,15,CKH185,8.99,USD
"Lithuania 3GB 30Days",LT,3,30,CKH093,9.99,USD
"Lithuania 5GB 30Days",LT,5,30,CKH132,13.99,USD
"Lithuania 10GB 30Days",LT,10,30,CKH186,33.99,USD
"Lithuania 20GB 30Days",LT,20,30,CKH704,50.99,USD
"Lithuania 50GB 180Days",LT,50,180,PDCRKSTTY,92.99,USD
"Luxembourg 500MB/Day",LU,0.5,1,P89EPU86T,2.99,USD
"Luxembourg 1GB/Day",LU,1,1,PQ3LI3A8O,3.99,USD
"Luxembourg 1GB 7Days",LU,1,7,CKH230,4.99,USD
"Luxembourg 2GB/Day",LU,2,1,P6N2GQYU6,6.99,USD
"Luxembourg 3GB 15Days",LU,3,15,CKH231,8.99,USD
"Luxembourg 3GB 30Days",LU,3,30,CKH094,9.99,USD
"Luxembourg 5GB 30Days",LU,5,30,CKH133,13.99,USD
"Luxembourg 10GB 30Days",LU,10,30,CKH232,21.99,USD
"Luxembourg 20GB 30Days",LU,20,30,CKH716,31.99,USD
"Luxembourg 50GB 180Days",LU,50,180,PQIWDILIV,75.99,USD
"Macao 500MB/Day",MO,0.5,1,P5AHB4R4J,1.99,USD
"Macao 500MB/Day (nonhkip)",MO,0.5,1,P06DPM5ME,2.99,USD
"Macao 1GB/Day",MO,1,1,PX9B24XFW,2.99,USD
"Macao 1GB 7Days",MO,1,7,JC024,3.99,USD
"Macao 1GB/Day (nonhkip)",MO,1,1,P0EA95AKM,4.99,USD
"Macao 1GB 7Days (nonhkip)",MO,1,7,PNLL0N5F4,4.99,USD
"Macao 2GB/Day",MO,2,1,PGR7VFURB,4.99,USD
"Macao 3GB 15Days",MO,3,15,JC025,7.99,USD
"Macao 2GB/Day (nonhkip)",MO,2,1,PMC972NJJ,7.99,USD
"Macao 3GB 30Days",MO,3,30,JC010,8.99,USD
"Macao 3GB 15Days (nonhkip)",MO,3,15,PTJM6R2V5,9.99,USD
"Macao 3GB 30Days (nonhkip)",MO,3,30,P16G3BBDH,10.99,USD
"Macao 5GB 30Days",MO,5,30,JC011,10.99,USD
"Macao 5GB 30Days (nonhkip)",MO,5,30,PBR7AJ6V0,14.99,USD
"Macao 10GB 30Days",MO,10,30,JC026,18.99,USD
"Macao 10GB/Day",MO,10,1,P47EK1L7K,20.99,USD
"Macao 10GB 30Days (nonhkip)",MO,10,30,PEM0EL2D9,21.99,USD
"Macao 20GB 30Days",MO,20,30,JC106,28.99,USD
"Macao 20GB 30Days (nonhkip)",MO,20,30,PYY68S4KT,31.99,USD
"Macao 50GB 30Days",MO,50,30,JC107,51.99,USD
"Macao 50GB 180Days",MO,50,180,PDRBEISAJ,70.99,USD
"Madagascar 1GB 7Days",MG,1,7,CKH366,9.99,USD
"Madagascar 3GB 15Days",MG,3,15,CKH395,22.99,USD
"Malawi 1GB 7Days",MW,1,7,CKH367,11.99,USD
"Malawi 3GB 15Days",MW,3,15,CKH396,28.99,USD
"Malawi 3GB 30Days",MW,3,30,PWWH5GS8N,28.99,USD
"Malawi 5GB 30Days",MW,5,30,CKH425,42.99,USD
"Malaysia 100MB 7Days",MY,0.1,7,PT4RIB8UL,1.99,USD
"Malaysia 500MB 7Days",MY,0.5,7,PA2YSC03Y,1.99,USD
"Malaysia 500MB/Day (nonhkip)",MY,0.5,1,PJJ7HCK42,1.99,USD
"Malaysia 500MB/Day",MY,0.5,1,PAN6REMMI,2.99,USD
"Malaysia 1GB 7Days",MY,1,7,JC027,3.99,USD
"Malaysia 1GB/Day (nonhkip)",MY,1,1,PKFR059MT,3.99,USD
"Malaysia 1GB 7Days (nonhkip)",MY,1,7,P298MQEKY,3.99,USD
"Malaysia 1GB/Day",MY,1,1,P4UTFE9WB,4.99,USD
"Malaysia 2GB/Day (nonhkip)",MY,2,1,P9BPF41DU,6.99,USD
"Malaysia 3GB 15Days",MY,3,15,JC028,7.99,USD
"Malaysia 2GB/Day",MY,2,1,POLZ7NLE0,7.99,USD
"Malaysia 3GB 30Days",MY,3,30,PIZYDS75Z,8.99,USD
"Malaysia 3GB 15Days (nonhkip)",MY,3,15,P1UL34KDX,9.99,USD
"Malaysia 3GB 30Days (nonhkip)",MY,3,30,P7SFXY8A6,9.99,USD
"Malaysia 5GB 30Days",MY,5,30,JC029,10.99,USD
"Malaysia 5GB 30Days (nonhkip)",MY,5,30,PSG213EBL,14.99,USD
"Malaysia 10GB 30Days",MY,10,30,JC030,18.99,USD
"Malaysia 10GB 30Days (nonhkip)",MY,10,30,PLDG73P5E,21.99,USD
"Malaysia 20GB 30Days",MY,20,30,JC097,28.99,USD
"Malaysia 20GB 30Days (nonhkip)",MY,20,30,P04JBY6XN,31.99,USD
"Malaysia 50GB 30Days",MY,50,30,JC098,51.99,USD
"Malaysia 50GB 180Days",MY,50,180,PBAGTADCE,70.99,USD
"Maldives 1GB 7Days",MV,1,7,P7DC2DM7H,14.99,USD
"Maldives 3GB 15Days",MV,3,15,P9KIVYTAJ,38.99,USD
"Maldives 3GB 30Days",MV,3,30,PPLHDC5E8,40.99,USD
"Maldives 5GB 30Days",MV,5,30,PAEOVF1UW,63.99,USD
"Maldives 10GB 30Days",MV,10,30,PK9JVIKVM,120.99,USD
"Maldives 20GB 30Days",MV,20,30,PXL4ZM3IY,219.99,USD
"Mali 1GB 7Days",ML,1,7,CKH381,14.99,USD
"Mali 3GB 15Days",ML,3,15,CKH410,35.99,USD
"Malta 1GB 7Days",MT,1,7,CKH187,6.99,USD
"Malta 3GB 15Days",MT,3,15,CKH188,11.99,USD
"Malta 3GB 30Days",MT,3,30,CKH095,11.99,USD
"Malta 5GB 30Days",MT,5,30,CKH134,19.99,USD
"Malta 10GB 30Days",MT,10,30,CKH189,33.99,USD
"Malta 20GB 30Days",MT,20,30,CKH706,50.99,USD
"Mauritius 500MB/Day",MU,0.5,1,P4ZKUW7DZ,6.99,USD
"Mauritius 1GB/Day",MU,1,1,PKXERFUDN,9.99,USD
"Mauritius 2GB/Day",MU,2,1,PLHCEBQDV,10.99,USD
"Mauritius 1GB 7Days",MU,1,7,PWBKLPF8P,12.99,USD
"Mauritius 3GB 15Days",MU,3,15,PHIJO4KMX,33.99,USD
"Mauritius 3GB 30Days",MU,3,30,P87BXZ6N0,34.99,USD
"Mauritius 5GB 30Days",MU,5,30,PRDIISVBG,55.99,USD
"Mauritius 10GB 30Days",MU,10,30,P7AGRL8Z3,102.99,USD
"Mauritius 20GB 30Days",MU,20,30,PV6NYYK7X,188.99,USD
"Mexico 100MB 7Days",MX,0.1,7,PF4COP483,1.99,USD
"Mexico 500MB 7Days",MX,0.5,7,PGF5F40E7,5.99,USD
"Mexico 500MB/Day",MX,0.5,1,P13SRIDO8,4.99,USD
"Mexico 1GB/Day",MX,1,1,PHO29N7QD,5.99,USD
"Mexico 1GB 7Days",MX,1,7,CKH518,6.99,USD
"Mexico 2GB/Day",MX,2,1,PQV9J51Q6,8.99,USD
"Mexico 3GB 15Days",MX,3,15,CKH644,13.99,USD
"Mexico 3GB 30Days",MX,3,30,P8DKZK30Q,16.99,USD
"Mexico 5GB 30Days",MX,5,30,CKH645,21.99,USD
"Mexico 10GB 30Days",MX,10,30,P84BJ7UTL,33.99,USD
"Mexico 10GB/Day",MX,10,1,PFE7I8GF9,36.99,USD
"Mexico 20GB 30Days",MX,20,30,CKH798,58.99,USD
"Mexico 50GB 30Days",MX,50,30,CKH799,134.99,USD
"Moldova 500MB/Day",MD,0.5,1,PXHAGSV7O,1.99,USD
"Moldova 1GB/Day",MD,1,1,PLN6KS3K9,2.99,USD
"Moldova 1GB 7Days",MD,1,7,CKH523,2.99,USD
"Moldova 2GB/Day",MD,2,1,P8DD9OFQV,4.99,USD
"Moldova 3GB 15Days",MD,3,15,CKH647,7.99,USD
"Moldova 3GB 30Days",MD,3,30,PJQKPDV5E,7.99,USD
"Moldova 5GB 30Days",MD,5,30,CKH648,10.99,USD
"Moldova 10GB 30Days",MD,10,30,CKH944,17.99,USD
"Moldova 20GB 30Days",MD,20,30,CKH945,32.99,USD
"Monaco 1GB 7Days",MC,1,7,CKH524,14.99,USD
"Monaco 3GB 15Days",MC,3,15,CKH650,35.99,USD
"Monaco 5GB 30Days",MC,5,30,CKH651,52.99,USD
"Mongolia 1GB 7Days",MN,1,7,MB004,6.99,USD
"Mongolia 3GB 15Days",MN,3,15,MB010,18.99,USD
"Mongolia 5GB 30Days",MN,5,30,MB011,30.99,USD
"Mongolia 10GB 30Days",MN,10,30,MB020,57.99,USD
"Mongolia 20GB 30Days",MN,20,30,CKH844,108.99,USD
"Montenegro 500MB/Day",ME,0.5,1,PGTLCGHGC,4.99,USD
"Montenegro 1GB/Day",ME,1,1,PTX9JZWG6,5.99,USD
"Montenegro 1GB 7Days",ME,1,7,CKH1023,6.99,USD
"Montenegro 2GB/Day",ME,2,1,PLM86JG3D,8.99,USD
"Montenegro 3GB 15Days",ME,3,15,CKH1024,13.99,USD
"Montenegro 3GB 30Days",ME,3,30,PR9F00PSM,16.99,USD
"Montenegro 5GB 30Days",ME,5,30,CKH1025,21.99,USD
"Montenegro 10GB 30Days",ME,10,30,CKH950,34.99,USD
"Montenegro 20GB 30Days",ME,20,30,CKH951,64.99,USD
"Morocco 100MB 7Days",MA,0.1,7,PNQOJTLBQ,1.99,USD
"Morocco 500MB/Day",MA,0.5,1,PRPJ3X0Y2,3.99,USD
"Morocco 500MB 7Days",MA,0.5,7,PQOD5XI4W,3.99,USD
"Morocco 1GB/Day",MA,1,1,PKUWF7BJC,5.99,USD
"Morocco 1GB 7Days",MA,1,7,CKH382,6.99,USD
"Morocco 2GB/Day",MA,2,1,P33C3KC73,8.99,USD
"Morocco 3GB 15Days",MA,3,15,CKH411,13.99,USD
"Morocco 3GB 30Days",MA,3,30,PPHIWSELT,15.99,USD
"Morocco 5GB 30Days",MA,5,30,P7BXAR31R,19.99,USD
"Morocco 10GB 30Days",MA,10,30,PO5WKZOPV,33.99,USD
"Morocco 20GB 30Days",MA,20,30,CKH829,50.99,USD
"Morocco 50GB 30Days",MA,50,30,CKH830,85.99,USD
"Mozambique 1GB 7Days",MZ,1,7,MB043,11.99,USD
"Mozambique 3GB 15Days",MZ,3,15,MB047,28.99,USD
"Mozambique 3GB 30Days",MZ,3,30,PA9FOA9CF,28.99,USD
"Mozambique 20GB 30Days",MZ,20,30,MB055,126.99,USD
"Nepal 1GB 7Days",NP,1,7,MB003,17.99,USD
"Nepal 3GB 15Days",NP,3,15,MB013,42.99,USD
"Netherlands 500MB/Day",NL,0.5,1,P1PD57B2W,2.99,USD
"Netherlands 1GB/Day",NL,1,1,P7B64E9XP,3.99,USD
"Netherlands 1GB 7Days",NL,1,7,CKH233,4.99,USD
"Netherlands 2GB/Day",NL,2,1,PCRX1TLMJ,6.99,USD
"Netherlands 3GB 15Days",NL,3,15,CKH234,8.99,USD
"Netherlands 3GB 30Days",NL,3,30,CKH009,9.99,USD
"Netherlands 5GB 30Days",NL,5,30,CKH010,13.99,USD
"Netherlands 10GB 30Days",NL,10,30,CKH235,21.99,USD
"Netherlands 10GB/Day",NL,10,1,PC2PUI3WR,26.99,USD
"Netherlands 20GB 30Days",NL,20,30,CKH724,31.99,USD
"Netherlands 50GB 180Days",NL,50,180,P6D7MCOBF,75.99,USD
"New Zealand 100MB 7Days",NZ,0.1,7,PLTOJ7B6Z,1.99,USD
"New Zealand 500MB 7Days",NZ,0.5,7,PE96WYIJD,3.99,USD
"New Zealand 500MB/Day",NZ,0.5,1,PN7CXKOWL,3.99,USD
"New Zealand 1GB 7Days",NZ,1,7,JC031,5.99,USD
"New Zealand 1GB/Day",NZ,1,1,PDLIRFGHE,5.99,USD
"New Zealand 2GB/Day",NZ,2,1,P7L62ZCMR,8.99,USD
"New Zealand 3GB/Day",NZ,3,1,P65ZSJGC3,10.99,USD
"New Zealand 3GB 15Days",NZ,3,15,JC032,12.99,USD
"New Zealand 3GB 30Days",NZ,3,30,PHX1H7KZ5,13.99,USD
"New Zealand 5GB 30Days",NZ,5,30,JC033,18.99,USD
"New Zealand 10GB 30Days",NZ,10,30,JC082,29.99,USD
"New Zealand 10GB/Day",NZ,10,1,PDTLGU9Q1,28.99,USD
"New Zealand 20GB 30Days",NZ,20,30,JC083,42.99,USD
"New Zealand 50GB 180Days",NZ,50,180,PEIHJAQVY,77.99,USD
"Nicaragua 100MB 7Days",NI,0.1,7,PUHSFBY6P,2.99,USD
"Nicaragua 500MB 7Days",NI,0.5,7,PM77ZUQ9Y,5.99,USD
"Nicaragua 1GB 7Days",NI,1,7,CKH311,9.99,USD
"Nicaragua 3GB 15Days",NI,3,15,CKH327,22.99,USD
"Niger 100MB 7Days",NE,0.1,7,P8Y35DWA0,3.99,USD
"Niger 500MB 7Days",NE,0.5,7,PVJCSDPRY,7.99,USD
"Niger 1GB 7Days",NE,1,7,CKH383,14.99,USD
"Niger 3GB 15Days",NE,3,15,CKH412,35.99,USD
"Nigeria 100MB 7Days",NG,0.1,7,P0Q24KI1C,2.99,USD
"Nigeria 500MB/Day",NG,0.5,1,PESYLCUYL,5.99,USD
"Nigeria 500MB 7Days",NG,0.5,7,PYNQZM3O7,5.99,USD
"Nigeria 1GB/Day",NG,1,1,PAUUT871A,9.99,USD
"Nigeria 1GB 7Days",NG,1,7,CKH384,9.99,USD
"Nigeria 2GB/Day",NG,2,1,PUT7ODUWV,17.99,USD
"Nigeria 3GB 15Days",NG,3,15,CKH413,22.99,USD
"Nigeria 3GB 30Days",NG,3,30,P6DFLYG3M,22.99,USD
"Nigeria 5GB 30Days",NG,5,30,CKH442,34.99,USD
"Nigeria 10GB 30Days",NG,10,30,CKH471,64.99,USD
"Nigeria 20GB 30Days",NG,20,30,CKH911,120.99,USD
"North Macedonia of 500MB/Day",MK,0.5,1,PA0AZVI8D,4.99,USD
"North Macedonia of 1GB/Day",MK,1,1,PHSY9PHQE,5.99,USD
"North Macedonia of  1GB 7Days",MK,1,7,CKH517,6.99,USD
"North Macedonia of 2GB/Day",MK,2,1,PJ9QJX3RO,8.99,USD
"North Macedonia of  3GB 15Days",MK,3,15,CKH637,13.99,USD
"North Macedonia of  5GB 30Days",MK,5,30,CKH638,21.99,USD
"North Macedonia of 10GB 30Days",MK,10,30,PJ7N7OVRF,33.99,USD
"North Macedonia of 20GB 30Days",MK,20,30,PXAIUDUP2,60.99,USD
"Norway 500MB/Day",NO,0.5,1,PU0PLIZUK,1.99,USD
"Norway 1GB/Day",NO,1,1,PL6FJ9N2A,2.99,USD
"Norway 1GB 7Days",NO,1,7,CKH999,3.99,USD
"Norway 2GB/Day",NO,2,1,PYD20OWIB,5.99,USD
"Norway 3GB 15Days",NO,3,15,CKH1000,7.99,USD
"Norway 3GB 30Days",NO,3,30,CKH982,8.99,USD
"Norway 5GB 30Days",NO,5,30,CKH988,10.99,USD
"Norway 10GB 30Days",NO,10,30,CKH1001,18.99,USD
"Norway 20GB 30Days",NO,20,30,CKH1009,28.99,USD
"Norway 50GB 180Days",NO,50,180,PDUMILX5C,70.99,USD
"Oman 500MB/Day",OM,0.5,1,P5SO7D3JH,4.99,USD
"Oman 1GB 7Days",OM,1,7,CKH273,6.99,USD
"Oman 1GB/Day",OM,1,1,PZN25QW0P,5.99,USD
"Oman 2GB/Day",OM,2,1,P5FFI0EVE,12.99,USD
"Oman 3GB 15Days",OM,3,15,CKH274,17.99,USD
"Oman 3GB 30Days",OM,3,30,CKH028,17.99,USD
"Oman 5GB 30Days",OM,5,30,CKH275,28.99,USD
"Oman 10GB 30Days",OM,10,30,CKH276,55.99,USD
"Oman 20GB 30Days",OM,20,30,CKH807,90.99,USD
"Pakistan 100MB 7Days",PK,0.1,7,P96CDAE48,1.99,USD
"Pakistan 500MB 7Days",PK,0.5,7,PTOLC574D,4.99,USD
"Pakistan 500MB/Day",PK,0.5,1,PUX79Y0PK,4.99,USD
"Pakistan 1GB/Day",PK,1,1,P8HM06KTX,5.99,USD
"Pakistan 1GB 7Days",PK,1,7,JC111,6.99,USD
"Pakistan 2GB/Day",PK,2,1,PDU88A0E8,8.99,USD
"Pakistan 3GB 15Days",PK,3,15,JC129,13.99,USD
"Pakistan 3GB 30Days",PK,3,30,P70ZZFLRP,16.99,USD
"Pakistan 5GB 30Days",PK,5,30,JC130,21.99,USD
"Pakistan 10GB 30Days",PK,10,30,JC152,33.99,USD
"Pakistan 20GB 30Days",PK,20,30,JC153,50.99,USD
"Panama 100MB 7Days",PA,0.1,7,P76PJ8WFO,2.99,USD
"Panama 500MB/Day",PA,0.5,1,P3A4U1YR1,5.99,USD
"Panama 500MB 7Days",PA,0.5,7,PO7L569RE,5.99,USD
"Panama 1GB/Day",PA,1,1,PU4T3830T,9.99,USD
"Panama 1GB 7Days",PA,1,7,CKH312,9.99,USD
"Panama 2GB/Day",PA,2,1,PB9M3TLRN,16.99,USD
"Panama 3GB 15Days",PA,3,15,CKH328,22.99,USD
"Panama 3GB 30Days",PA,3,30,PL85BR1W4,22.99,USD
"Panama 5GB 30Days",PA,5,30,CKH344,37.99,USD
"Panama 10GB 30Days",PA,10,30,CKH360,70.99,USD
"Panama 20GB 30Days",PA,20,30,CKH913,136.99,USD
"Paraguay 100MB 7Days",PY,0.1,7,P0112XJDY,2.99,USD
"Paraguay 500MB/Day",PY,0.5,1,PH87CMSFF,5.99,USD
"Paraguay 500MB 7Days",PY,0.5,7,P1WIRJJCB,5.99,USD
"Paraguay 1GB/Day",PY,1,1,PDYW280EY,9.99,USD
"Paraguay 1GB 7Days",PY,1,7,CKH313,9.99,USD
"Paraguay 2GB/Day",PY,2,1,PZN5PEAVV,16.99,USD
"Paraguay 3GB 15Days",PY,3,15,CKH329,22.99,USD
"Paraguay 3GB 30Days",PY,3,30,PNF73FQGH,22.99,USD
"Paraguay 5GB 30Days",PY,5,30,CKH345,34.99,USD
"Paraguay 10GB 30Days",PY,10,30,CKH361,64.99,USD
"Paraguay 20GB 30Days",PY,20,30,CKH915,120.99,USD
"Peru 100MB 7Days",PE,0.1,7,PZ5R7GI4K,2.99,USD
"Peru 500MB/Day",PE,0.5,1,PON7FUWT2,6.99,USD
"Peru 500MB 7Days",PE,0.5,7,PZ8KWP0BH,6.99,USD
"Peru 1GB/Day",PE,1,1,PYVM14CFK,10.99,USD
"Peru 1GB 7Days",PE,1,7,CKH314,11.99,USD
"Peru 2GB/Day",PE,2,1,P9G7EWOHM,19.99,USD
"Peru 3GB 15Days",PE,3,15,CKH330,28.99,USD
"Peru 3GB 30Days",PE,3,30,PW1MQDJDN,28.99,USD
"Peru 5GB 30Days",PE,5,30,CKH346,99.99,USD
"Peru 10GB 30Days",PE,10,30,CKH362,168.99,USD
"Peru 20GB 30Days",PE,20,30,CKH862,196.99,USD
"Philippines 100MB 7Days",PH,0.1,7,PXB3QI9EJ,1.99,USD
"Philippines 500MB/Day",PH,0.5,1,PKI8J4QW7,3.99,USD
"Philippines 500MB 7Days",PH,0.5,7,P7NPVLHM1,4.99,USD
"Philippines 1GB/Day",PH,1,1,PKOY9TRDZ,5.99,USD
"Philippines 1GB 7Days",PH,1,7,JC034,6.99,USD
"Philippines 2GB/Day",PH,2,1,PYKASRYFN,8.99,USD
"Philippine 3GB/Day",PH,3,1,P7H5ESZX4,10.99,USD
"Philippines 3GB 15Days",PH,3,15,JC035,13.99,USD
"Philippine 3GB 30Days",PH,3,30,PV7L2P3BV,16.99,USD
"Philippines 5GB 30Days",PH,5,30,JC036,21.99,USD
"Philippines 10GB 30Days",PH,10,30,JC037,33.99,USD
"Philippines 10GB/Day",PH,10,1,P08FIDBBQ,28.99,USD
"Philippines 20GB 30Days",PH,20,30,JC099,50.99,USD
"Philippines 50GB 180Days",PH,50,180,PYEPCSNFU,112.99,USD
"Poland 500MB/Day",PL,0.5,1,PJFFZMYNM,1.99,USD
"Poland 1GB/Day",PL,1,1,PU7E8G0MV,2.99,USD
"Poland 1GB 7Days",PL,1,7,CKH236,3.99,USD
"Poland 2GB/Day",PL,2,1,PFDGVQ1B3,4.99,USD
"Poland 3GB 15Days",PL,3,15,CKH237,7.99,USD
"Poland 3GB 30Days",PL,3,30,CKH096,8.99,USD
"Poland 5GB 30Days",PL,5,30,CKH135,10.99,USD
"Poland 10GB 30Days",PL,10,30,CKH238,17.99,USD
"Poland 20GB 30Days",PL,20,30,CKH726,28.99,USD
"Poland 50GB 180Days",PL,50,180,PZMKJMCWN,70.99,USD
"Portugal 500MB/Day",PT,0.5,1,P9PXYXUN9,2.99,USD
"Portugal 1GB/Day",PT,1,1,P7R54NBNC,3.99,USD
"Portugal 1GB 7Days",PT,1,7,CKH1002,4.99,USD
"Portugal 2GB/Day",PT,2,1,PFXG8IN4R,6.99,USD
"Portugal 3GB 15Days",PT,3,15,CKH1003,8.99,USD
"Portugal 3GB 30Days",PT,3,30,CKH980,9.99,USD
"Portugal 5GB 30Days",PT,5,30,CKH986,13.99,USD
"Portugal 10GB 30Days",PT,10,30,CKH1004,21.99,USD
"Portugal 10GB/Day",PT,10,1,P1H01A03V,25.99,USD
"Portugal 20GB 30Days",PT,20,30,CKH1011,31.99,USD
"Puerto Rico 1GB 7Days",PR,1,7,CKH315,6.99,USD
"Puerto Rico 3GB 15Days",PR,3,15,CKH331,14.99,USD
"Puerto Rico 5GB 30Days",PR,5,30,CKH347,22.99,USD
"Qatar 100MB 7Days",QA,0.1,7,PIPAFTMRE,2.99,USD
"Qatar 500MB/Day",QA,0.5,1,PJM7WAML1,4.99,USD
"Qatar 500MB 7Days",QA,0.5,7,PWZ5FXSJ3,5.99,USD
"Qatar 1GB/Day",QA,1,1,PMJUJWRQ8,7.99,USD
"Qatar 1GB 7Days",QA,1,7,CKH513,7.99,USD
"Qatar 2GB/Day",QA,2,1,PB0GFLD0W,13.99,USD
"Qatar 3GB 15Days",QA,3,15,CKH667,17.99,USD
"Qatar 3GB 30Days",QA,3,30,CKH029,18.99,USD
"Qatar 5GB 30Days",QA,5,30,CKH668,27.99,USD
"Qatar 10GB 30Days",QA,10,30,CKH761,50.99,USD
"Qatar 20GB 30Days",QA,20,30,CKH762,80.99,USD
"Republic of the Congo 1GB 7Days",CG,1,7,MB023,11.99,USD
"Republic of the Congo 3GB 15Days",CG,3,15,MB028,28.99,USD
"Republic of the Congo 3GB 30Days",CG,3,30,PLF4J2VKM,28.99,USD
"Republic of the Congo 5GB 30Days",CG,5,30,MB033,42.99,USD
"Reunion 100MB 7Days",RE,0.1,7,PN1JR359K,1.99,USD
"Reunion 500MB/Day",RE,0.5,1,PQD094RUX,4.99,USD
"Reunion 500MB 7Days",RE,0.5,7,PVXXCK4BJ,5.99,USD
"Reunion 1GB 7Days",RE,1,7,CKH365,6.99,USD
"Reunion 1GB/Day",RE,1,1,PHMS8J01F,5.99,USD
"Reunion 2GB/Day",RE,2,1,P1X3N5XFT,11.99,USD
"Reunion 3GB/Day",RE,3,1,P530XLLHQ,14.99,USD
"Reunion 3GB 15Days",RE,3,15,CKH394,14.99,USD
"Reunion 5GB 30Days",RE,5,30,CKH423,22.99,USD
"Reunion 10GB 30Days",RE,10,30,CKH452,38.99,USD
"Romania 500MB/Day",RO,0.5,1,PY0UOJQWT,1.99,USD
"Romania 1GB/Day",RO,1,1,PXZDE3VLY,2.99,USD
"Romania 1GB 7Days",RO,1,7,CKH239,3.99,USD
"Romania 2GB/Day",RO,2,1,P313T8IQR,4.99,USD
"Romania 3GB 15Days",RO,3,15,CKH240,7.99,USD
"Romania 3GB 30Days",RO,3,30,CKH098,8.99,USD
"Romania 5GB 30Days",RO,5,30,CKH137,10.99,USD
"Romania 10GB 30Days",RO,10,30,CKH241,18.99,USD
"Romania 20GB 30Days",RO,20,30,CKH728,28.99,USD
"Romania 50GB 180Days",RO,50,180,PBOG35WTO,75.99,USD
"Rwanda 500MB/Day",RW,0.5,1,POAFY0OVK,10.99,USD
"Rwanda 1GB/Day",RW,1,1,PCQIPVUSM,16.99,USD
"Rwanda 1GB 7Days",RW,1,7,PZC8WGKPY,18.99,USD
"Rwanda 2GB/Day",RW,2,1,PE2YL9RUI,28.99,USD
"Rwanda 3GB 15Days",RW,3,15,P1G277YTH,48.99,USD
"Rwanda 3GB 30Days",RW,3,30,PVKGG2PY0,51.99,USD
"Rwanda 5GB 30Days",RW,5,30,PC2RLNRIZ,81.99,USD
"Rwanda 10GB 30Days",RW,10,30,PB0RN5PCO,147.99,USD
"Rwanda 20GB 30Days",RW,20,30,PAPU0Z4LJ,271.99,USD
"Saint Kitts and Nevis 500MB/Day",KN,0.5,1,PADQDKEKR,7.99,USD
"Saint Kitts and Nevis 1GB/Day",KN,1,1,PHA7JTMVB,11.99,USD
"Saint Kitts and Nevis 1GB 7Days",KN,1,7,PECCJ8VHG,12.99,USD
"Saint Kitts and Nevis 2GB/Day",KN,2,1,PXG4M4H7U,20.99,USD
"Saint Kitts and Nevis 3GB 15Days",KN,3,15,PR2166FUS,32.99,USD
"Saint Kitts and Nevis 3GB 30Days",KN,3,30,PGF5RPEQK,34.99,USD
"Saint Kitts and Nevis 5GB 30Days",KN,5,30,PJ7H5YMP7,54.99,USD
"Saint Kitts and Nevis 10GB 30Days",KN,10,30,PIOTCX57N,99.99,USD
"Saint Kitts and Nevis 20GB 30Days",KN,20,30,P4UUTRATY,182.99,USD
"Saint Lucia 500MB/Day",LC,0.5,1,PBYBL17F9,7.99,USD
"Saint Lucia 1GB/Day",LC,1,1,P9W0RMWS1,11.99,USD
"Saint Lucia 1GB 7Days",LC,1,7,P2PHWVGFB,12.99,USD
"Saint Lucia 2GB/Day",LC,2,1,PRUIWKFWE,20.99,USD
"Saint Lucia 3GB 15Days",LC,3,15,PWHLYGLB7,32.99,USD
"Saint Lucia 3GB 30Days",LC,3,30,P192ET9VH,34.99,USD
"Saint Lucia 5GB 30Days",LC,5,30,P4UWZXF2G,54.99,USD
"Saint Lucia 10GB 30Days",LC,10,30,P8DILQOKD,99.99,USD
"Saint Lucia 20GB 30Days",LC,20,30,PHXR1IHRM,182.99,USD
"Saint Vincent and the Grenadines 500MB/Day",VC,0.5,1,PUQXGGQM2,8.99,USD
"Saint Vincent and the Grenadines 1GB/Day",VC,1,1,PODVL5KBN,13.99,USD
"Saint Vincent and the Grenadines 1GB 7Days",VC,1,7,P6I5M6WI2,15.99,USD
"Saint Vincent and the Grenadines 2GB/Day",VC,2,1,P5YX6HKB6,23.99,USD
"Saint Vincent and the Grenadines 3GB 15Days",VC,3,15,PEPJ9PAUI,39.99,USD
"Saint Vincent and the Grenadines 3GB 30Days",VC,3,30,P0529EJIK,42.99,USD
"Saint Vincent and the Grenadines 5GB 30Days",VC,5,30,PXMSIV20Z,66.99,USD
"Saint Vincent and the Grenadines 10GB 30Days",VC,10,30,P8P0PBMWE,121.99,USD
"Saint Vincent and the Grenadines 20GB 30Days",VC,20,30,PCPLFUL4X,222.99,USD
"Saudi Arabia 500MB/Day",SA,0.5,1,P3818ZAKH,4.99,USD
"Saudi Arabia 1GB 7Days",SA,1,7,CKH277,6.99,USD
"Saudi Arabia 1GB/Day",SA,1,1,PH1C85GUN,5.99,USD
"Saudi Arabia 2GB/Day",SA,2,1,PTRB35F3U,8.99,USD
"Saudi Arabia 3GB 15Days",SA,3,15,CKH278,13.99,USD
"Saudi Arabia 3GB 30Days",SA,3,30,CKH036,16.99,USD
"Saudi Arabia 5GB 30Days",SA,5,30,CKH279,21.99,USD
"Saudi Arabia 10GB 30Days",SA,10,30,CKH280,33.99,USD
"Saudi Arabia 20GB 30Days",SA,20,30,CKH800,58.99,USD
"Senegal 100MB 7Days",SN,0.1,7,PBBWJ5ZI6,3.99,USD
"Senegal 500MB 7Days",SN,0.5,7,PDW064AF9,7.99,USD
"Senegal 1GB 7Days",SN,1,7,CKH385,14.99,USD
"Senegal 3GB 15Days",SN,3,15,CKH414,35.99,USD
"Senegal 5GB 30Days",SN,5,30,CKH443,52.99,USD
"Serbia 100MB 7Days",RS,0.1,7,PHLQ4R8Z8,1.99,USD
"Serbia 500MB/Day",RS,0.5,1,PM83MIYBW,4.99,USD
"Serbia 500MB 7Days",RS,0.5,7,P5VCERVEZ,5.99,USD
"Serbia 1GB/Day",RS,1,1,PET0HEZ6S,5.99,USD
"Serbia 1GB 7Days",RS,1,7,CKH1016,6.99,USD
"Serbia 2GB/Day",RS,2,1,PEJ3EFF4C,10.99,USD
"Serbia 3GB 15Days",RS,3,15,CKH677,14.99,USD
"Serbia 3GB 30Days",RS,3,30,CKH113,16.99,USD
"Serbia 5GB 30Days",RS,5,30,CKH152,22.99,USD
"Serbia 10GB 30Days",RS,10,30,CKH802,38.99,USD
"Serbia 20GB 30Days",RS,20,30,CKH803,64.99,USD
"Seychelles 500MB/Day",SC,0.5,1,PQ7ZECYWL,5.99,USD
"Seychelles 1GB/Day",SC,1,1,PW9P5L2MM,9.99,USD
"Seychelles 1GB 7Days",SC,1,7,CKH386,9.99,USD
"Seychelles 2GB/Day",SC,2,1,PQBTE7AOP,16.99,USD
"Seychelles 3GB 15Days",SC,3,15,CKH415,22.99,USD
"Seychelles 3GB 30Days",SC,3,30,PXDKMMGM7,22.99,USD
"Seychelles 5GB 30Days",SC,5,30,CKH444,34.99,USD
"Seychelles 10GB 30Days",SC,10,30,CKH473,66.99,USD
"Seychelles 20GB 30Days",SC,20,30,CKH926,120.99,USD
"Singapore 100MB 7Days",SG,0.1,7,PS67RZTVO,1.99,USD
"Singapore 500MB 7Days",SG,0.5,7,PXJ279C0P,1.99,USD
"Singapore 500MB/Day (nonhkip)",SG,0.5,1,P07TJRC8Y,2.99,USD
"Singapore 500MB/Day",SG,0.5,1,PH83BFJ2F,2.99,USD
"Singapore 1GB 7Days",SG,1,7,JC038,3.99,USD
"Singapore 1GB/Day (nonhkip)",SG,1,1,P2B5NQ3VH,3.99,USD
"Singapore 1GB 7Days (nonhkip)",SG,1,7,PMYUL0A89,3.99,USD
"Singapore 1GB/Day",SG,1,1,P7YECLII9,4.99,USD
"Singapore 2GB/Day (nonhkip)",SG,2,1,PHDQJ3J94,7.99,USD
"Singapore 3GB 15Days",SG,3,15,JC039,7.99,USD
"Singapore 3GB 30Days",SG,3,30,PR2GUXUD5,8.99,USD
"Singapore 2GB/Day",SG,2,1,PXAZ8ZALE,8.99,USD
"Singapore 3GB 15Days (nonhkip)",SG,3,15,P8FS5BQQ7,9.99,USD
"Singapore 3GB 30Days (nonhkip)",SG,3,30,P2MYA87RF,10.99,USD
"Singapore 5GB 30Days",SG,5,30,JC040,10.99,USD
"Singapore 5GB 30Days (nonhkip)",SG,5,30,P74SEFQ1M,14.99,USD
"Singapore 10GB 30Days",SG,10,30,JC041,18.99,USD
"Singapore 10GB 30Days (nonhkip)",SG,10,30,PWX40HHM7,21.99,USD
"Singapore 20GB 30Days",SG,20,30,JC092,28.99,USD
"Singapore 10GB/Day",SG,10,1,P3LR5JXFO,28.99,USD
"Singapore 20GB 30Days (nonhkip)",SG,20,30,PN0S4RKN6,31.99,USD
"Singapore 50GB 30Days",SG,50,30,JC093,51.99,USD
"Slovakia 1GB 7Days",SK,1,7,CKH196,4.99,USD
"Slovakia 3GB 15Days",SK,3,15,CKH197,8.99,USD
"Slovakia 3GB 30Days",SK,3,30,CKH099,9.99,USD
"Slovakia 5GB 30Days",SK,5,30,CKH138,13.99,USD
"Slovakia 10GB 30Days",SK,10,30,CKH198,21.99,USD
"Slovakia 20GB 30Days",SK,20,30,CKH730,31.99,USD
"Slovakia 50GB 180Days",SK,50,180,PG4XMKAYQ,75.99,USD
"Slovenia 500MB/Day",SI,0.5,1,P0F364T69,2.99,USD
"Slovenia 1GB/Day",SI,1,1,PTJNIFZTQ,3.99,USD
"Slovenia 1GB 7Days",SI,1,7,CKH242,4.99,USD
"Slovenia 2GB/Day",SI,2,1,PJB467HRT,6.99,USD
"Slovenia 3GB 15Days",SI,3,15,CKH243,8.99,USD
"Slovenia 3GB 30Days",SI,3,30,CKH100,9.99,USD
"Slovenia 5GB 30Days",SI,5,30,CKH139,13.99,USD
"Slovenia 10GB 30Days",SI,10,30,CKH244,21.99,USD
"Slovenia 20GB 30Days",SI,20,30,CKH732,31.99,USD
"Slovenia 50GB 180Days",SI,50,180,PCMQJGTVB,75.99,USD
"South Africa 100MB 7Days",ZA,0.1,7,PJ91RFXJL,3.99,USD
"South Africa 500MB/Day",ZA,0.5,1,P3JUK7041,4.99,USD
"South Africa 500MB 7Days",ZA,0.5,7,PF5021KYM,4.99,USD
"South Africa 1GB 7Days",ZA,1,7,MB026,6.99,USD
"South Africa 1GB/Day",ZA,1,1,PBSI82U47,10.99,USD
"South Africa 3GB 15Days",ZA,3,15,MB031,13.99,USD
"South Africa 3GB 30Days",ZA,3,30,MB065,16.99,USD
"South Africa 5GB 30Days",ZA,5,30,MB036,21.99,USD
"South Africa 2GB/Day",ZA,2,1,PB853UPZN,19.99,USD
"South Africa 10GB 30Days",ZA,10,30,MB041,33.99,USD
"South Africa 20GB 30Days",ZA,20,30,MB052,64.99,USD
"South Korea 100MB 7Days",KR,0.1,7,PKLF9M3N7,1.99,USD
"South Korea 500MB/Day",KR,0.5,1,P21XNC9CT,1.99,USD
"South Korea 500MB 7Days",KR,0.5,7,PTCH9WAB7,1.99,USD
"South Korea 500MB/Day (nonhkip)",KR,0.5,1,PZ2UCMK37,2.99,USD
"South Korea 1GB 7Days",KR,1,7,JC072,3.99,USD
"South Korea 1GB/Day",KR,1,1,PR7PDLXPX,3.99,USD
"South Korea 1GB/Day (nonhkip)",KR,1,1,P20PMGJQ5,3.99,USD
"South Korea 1GB 7Days (nonhkip)",KR,1,7,PU60C7NHY,4.99,USD
"South Korea 2GB/Day (nonhkip)",KR,2,1,PLF859LWP,6.99,USD
"South Korea 2GB/Day",KR,2,1,PD97RF0HS,7.99,USD
"South Korea 3GB 15Days",KR,3,15,JC073,7.99,USD
"South Korea 3GB 30Days",KR,3,30,PBH8K67KC,8.99,USD
"South Korea 3GB/Day (nonhkip)",KR,3,1,P0VZY58TB,8.99,USD
"South Korea 3GB 15Days (nonhkip)",KR,3,15,P2FQ0VL1B,9.99,USD
"South Korea 3GB/Day",KR,3,1,P8Z0SR4YM,9.99,USD
"South Korea 3GB 30Days (nonhkip)",KR,3,30,P5K9WQ4EF,10.99,USD
"South Korea 5GB 30Days",KR,5,30,JC074,10.99,USD
"South Korea 5GB/Day (nonhkip)",KR,5,1,PZ1XRA5P8,12.99,USD
"South Korea 5GB 30Days (nonhkip)",KR,5,30,PQ708AANE,14.99,USD
"South Korea 5GB/Day",KR,5,1,PX9TSB16T,15.99,USD
"South Korea 10GB 30Days",KR,10,30,JC075,18.99,USD
"South Korea 10GB/Day (nonhkip)",KR,10,1,P3N7QMR2R,19.99,USD
"South Korea 10GB 30Days (nonhkip)",KR,10,30,PRT9KC28R,23.99,USD
"South Korea 10GB/Day",KR,10,1,P2XI9YHJG,28.99,USD
"South Korea 20GB 30Days",KR,20,30,JC147,28.99,USD
"South Korea 20GB 30Days (nonhkip)",KR,20,30,PXYKK106H,33.99,USD
"South Korea 50GB 30Days",KR,50,30,P38XDXR4N,51.99,USD
"Spain 500MB/Day",ES,0.5,1,P6WL2RRH5,1.99,USD
"Spain 1GB/Day",ES,1,1,PZBY51PX0,2.99,USD
"Spain 1GB 7Days",ES,1,7,CKH245,3.99,USD
"Spain 2GB/Day",ES,2,1,P1BF5HDU2,4.99,USD
"Spain 3GB 15Days",ES,3,15,CKH246,7.99,USD
"Spain 3GB 30Days",ES,3,30,CKH002,8.99,USD
"Spain 5GB 30Days",ES,5,30,CKH003,10.99,USD
"Spain 10GB 30Days",ES,10,30,CKH506,18.99,USD
"Spain 10GB/Day",ES,10,1,P250E0JY3,23.99,USD
"Spain 20GB 30Days",ES,20,30,CKH507,28.99,USD
"Spain 50GB 30Days",ES,50,30,CKH508,51.99,USD
"Spain 50GB 180Days",ES,50,180,PSUZGLKSQ,55.99,USD
"Sri Lanka 100MB 7Days",LK,0.1,7,PWJT28BG0,1.99,USD
"Sri Lanka 500MB/Day",LK,0.5,1,PF4K8XI0Q,3.99,USD
"Sri Lanka 500MB 7Days",LK,0.5,7,PXGSZ3M1M,5.99,USD
"Sri Lanka 1GB 7Days",LK,1,7,JC042,6.99,USD
"Sri Lanka 1GB/Day",LK,1,1,PB6CYXWPA,5.99,USD
"Sri Lanka 2GB/Day",LK,2,1,PSUGO9SDM,8.99,USD
"Sri Lanka 3GB 15Days",LK,3,15,JC043,13.99,USD
"Sri Lanka 3GB 30Days",LK,3,30,PTSKLWZVK,16.99,USD
"Sri Lanka 3GB/Day",LK,3,1,PGP70GWM9,10.99,USD
"Sri Lanka 5GB 30Days",LK,5,30,JC044,21.99,USD
"Sri Lanka 5GB/Day",LK,5,1,PWNVS0KKQ,15.99,USD
"Sri Lanka 10GB 30Days",LK,10,30,JC085,33.99,USD
"Sri Lanka 20GB 30Days",LK,20,30,JC086,58.99,USD
"Sri Lanka 50GB 180Days",LK,50,180,PVCA0JAXV,161.99,USD
"Sudan 1GB 7Days",SD,1,7,CKH388,22.99,USD
"Sudan 3GB 15Days",SD,3,15,CKH417,54.99,USD
"Sudan 5GB 30Days",SD,5,30,CKH446,82.99,USD
"Sweden 500MB/Day",SE,0.5,1,PLJHEZMSO,2.99,USD
"Sweden 1GB/Day",SE,1,1,PK4S1JX7N,3.99,USD
"Sweden 1GB 7Days",SE,1,7,CKH199,4.99,USD
"Sweden 2GB/Day",SE,2,1,PR8X1J6BW,6.99,USD
"Sweden 3GB 15Days",SE,3,15,CKH200,8.99,USD
"Sweden 3GB 30Days",SE,3,30,CKH101,9.99,USD
"Sweden 5GB 30Days",SE,5,30,CKH140,13.99,USD
"Sweden 10GB 30Days",SE,10,30,CKH201,21.99,USD
"Sweden 20GB 30Days",SE,20,30,CKH734,31.99,USD
"Switzerland 100MB 7Days",CH,0.1,7,P4PQQ616Q,1.99,USD
"Switzerland 500MB/Day",CH,0.5,1,PSWPO99LO,1.99,USD
"Switzerland 500MB 7Days",CH,0.5,7,PTXS8UYP5,1.99,USD
"Switzerland 1GB/Day",CH,1,1,PUF7KJHOP,2.99,USD
"Switzerland 1GB 7Days",CH,1,7,CKH247,3.99,USD
"Switzerland 2GB/Day",CH,2,1,PHGYC4KTI,5.99,USD
"Switzerland 3GB 15Days",CH,3,15,CKH248,7.99,USD
"Switzerland 3GB 30Days",CH,3,30,CKH102,8.99,USD
"Switzerland 5GB 30Days",CH,5,30,CKH141,10.99,USD
"Switzerland 10GB 30Days",CH,10,30,CKH249,18.99,USD
"Switzerland 10GB/Day",CH,10,1,PKE1J97JN,26.99,USD
"Switzerland 20GB 30Days",CH,20,30,CKH736,28.99,USD
"Switzerland 50GB 30Days",CH,50,30,CKH737,51.99,USD
"Switzerland 50GB 180Days",CH,50,180,PUOG8W99P,55.99,USD
"Tajikistan 1GB 7Days",TJ,1,7,P21KJJ67K,18.99,USD
"Tajikistan 3GB 15Days",TJ,3,15,P2TT8OQ7F,52.99,USD
"Tajikistan 3GB 30Days",TJ,3,30,P9FYGGNE7,55.99,USD
"Tajikistan 5GB 30Days",TJ,5,30,PUISZF0K5,89.99,USD
"Tajikistan 10GB 30Days",TJ,10,30,PFL063QDR,170.99,USD
"Tajikistan 20GB 30Days",TJ,20,30,PFWOI21ED,323.99,USD
"Tanzania 100MB 7Days",TZ,0.1,7,P1W5NQVN1,3.99,USD
"Tanzania 500MB 7Days",TZ,0.5,7,PQ01XX4IY,5.99,USD
"Tanzania 500MB/Day",TZ,0.5,1,PQDFPO1PW,5.99,USD
"Tanzania 1GB 7Days",TZ,1,7,MB027,10.99,USD
"Tanzania 1GB/Day",TZ,1,1,PP5I4TD1B,11.99,USD
"Tanzania 2GB/Day",TZ,2,1,PHCJFY4TR,19.99,USD
"Tanzania 3GB 15Days",TZ,3,15,MB032,30.99,USD
"Tanzania 3GB 30Days",TZ,3,30,P38I07GG9,31.99,USD
"Tanzania 5GB 30Days",TZ,5,30,MB037,48.99,USD
"Tanzania 10GB 30Days",TZ,10,30,MB042,90.99,USD
"Tanzania 20GB 30Days",TZ,20,30,MB063,178.99,USD
"Thailand 100MB 7Days",TH,0.1,7,PQ2I5PFIT,1.99,USD
"Thailand 500MB 7Days",TH,0.5,7,PLBDYMED4,1.99,USD
"Thailand 500MB/Day",TH,0.5,1,PZ9GTBKFR,2.99,USD
"Thailand 500MB/Day (nonhkip)",TH,0.5,1,PZH4CF30G,2.99,USD
"Thailand 1GB 7Days",TH,1,7,JC045,3.99,USD
"Thailand 1GB/Day",TH,1,1,P5V3QF0VA,4.99,USD
"Thailand 1GB/Day (nonhkip)",TH,1,1,PPS28ZZ4H,4.99,USD
"Thailand 1GB 7Days (nonhkip)",TH,1,7,PH1M5M9DL,5.99,USD
"Thailand 2GB/Day",TH,2,1,P2R7CWSN9,7.99,USD
"Thailand 3GB 15Days",TH,3,15,JC046,7.99,USD
"Thailand 2GB/Day (nonhkip)",TH,2,1,PR73YYZN4,7.99,USD
"Thailand 3GB 30Days",TH,3,30,JC013,8.99,USD
"Thailand 3GB 15Days (nonhkip)",TH,3,15,PV67L3JSU,9.99,USD
"Thailand 3GB/Day",TH,3,1,PJ0FB89GA,9.99,USD
"Thailand 3GB 30Days (nonhkip)",TH,3,30,PPZ8Y52KL,9.99,USD
"Thailand 5GB 30Days",TH,5,30,JC014,10.99,USD
"Thailand 5GB 30Days (nonhkip)",TH,5,30,PUX3JWK41,14.99,USD
"Thailand 10GB 30Days",TH,10,30,JC047,18.99,USD
"Thailand 10GB 30Days (nonhkip)",TH,10,30,P4MBRSL75,19.99,USD
"Thailand 10GB/Day",TH,10,1,PZPE5LW98,28.99,USD
"Thailand 20GB 30Days",TH,20,30,JC080,28.99,USD
"Thailand 20GB 30Days (nonhkip)",TH,20,30,PZXY42KN5,30.99,USD
"Thailand 50GB 180Days",TH,50,180,PNJW9PBXH,80.99,USD
"Trinidad and Tobago 500MB/Day",TT,0.5,1,PYWAPT9ET,8.99,USD
"Trinidad and Tobago 1GB/Day",TT,1,1,PI5831LGW,13.99,USD
"Trinidad and Tobago 1GB 7Days",TT,1,7,PJULNG1M8,15.99,USD
"Trinidad and Tobago 2GB/Day",TT,2,1,P1X6EGY63,23.99,USD
"Trinidad and Tobago 3GB 15Days",TT,3,15,P6913H9NR,39.99,USD
"Trinidad and Tobago 3GB 30Days",TT,3,30,PY8W3G7O2,42.99,USD
"Trinidad and Tobago 5GB 30Days",TT,5,30,P7UL8BAKK,66.99,USD
"Trinidad and Tobago 10GB 30Days",TT,10,30,PR6UOTLZ5,121.99,USD
"Trinidad and Tobago 20GB 30Days",TT,20,30,PH7DVKMPI,222.99,USD
"Tunisia 100MB 7Days",TN,0.1,7,PMJ2GNEEK,1.99,USD
"Tunisia 500MB/Day",TN,0.5,1,PSY36I7ZR,4.99,USD
"Tunisia 500MB 7Days",TN,0.5,7,PCFHVT6UG,4.99,USD
"Tunisia 1GB 7Days",TN,1,7,KR001,6.99,USD
"Tunisia 1GB/Day",TN,1,1,PMV0HAP98,5.99,USD
"Tunisia 2GB/Day",TN,2,1,PIPL3F7CF,8.99,USD
"Tunisia 3GB 15Days",TN,3,15,KR002,13.99,USD
"Tunisia 3GB 30Days",TN,3,30,PXX3PDGRD,16.99,USD
"Tunisia 5GB 30Days",TN,5,30,KR003,21.99,USD
"Tunisia 10GB 30Days",TN,10,30,KR004,32.99,USD
"Tunisia 20GB 30Days",TN,20,30,KR006,57.99,USD
"Turkey 500MB/Day",TR,0.5,1,P4PJDQ93V,1.99,USD
"Turkey 500MB 1Day",TR,0.5,1,P99PK3JV6,1.99,USD
"Turkey 100MB 7Days",TR,0.1,7,PL0M7ICXR,1.99,USD
"Turkey 500MB 7Days",TR,0.5,7,PRC9WA4Z0,1.99,USD
"Turkey 1GB/Day",TR,1,1,P1G6QKLC2,1.99,USD
"Turkey 1GB 7Days",TR,1,7,CKH265,2.99,USD
"Turkey 2GB/Day",TR,2,1,PF1K57KAZ,3.99,USD
"Turkey 3GB 15Days",TR,3,15,CKH266,6.99,USD
"Turkey 3GB 30Days",TR,3,30,CKH025,6.99,USD
"Turkey 5GB/Day",TR,5,1,P3V2FT7FJ,8.99,USD
"Turkey 5GB 30Days",TR,5,30,CKH267,9.99,USD
"Turkey 10GB 30Days",TR,10,30,CKH268,16.99,USD
"Turkey 20GB 30Days",TR,20,30,CKH738,24.99,USD
"Turkey 50GB 30Days",TR,50,30,CKH739,51.99,USD
"Turkey 50GB 180Days",TR,50,180,PAV5NMZ28,54.99,USD
"Turks and Caicos Islands 500MB/Day",TC,0.5,1,PKNRXH3FZ,7.99,USD
"Turks and Caicos Islands 1GB/Day",TC,1,1,POAFI7GDI,11.99,USD
"Turks and Caicos Islands 1GB 7Days",TC,1,7,PZBYZYFCI,12.99,USD
"Turks and Caicos Islands 2GB/Day",TC,2,1,PVG1AXYV3,20.99,USD
"Turks and Caicos Islands 3GB 15Days",TC,3,15,PVNG67NVW,32.99,USD
"Turks and Caicos Islands 3GB 30Days",TC,3,30,PHYK1897W,34.99,USD
"Turks and Caicos Islands 5GB 30Days",TC,5,30,PA7PWXBHH,54.99,USD
"Turks and Caicos Islands 10GB 30Days",TC,10,30,P40NDUO6U,99.99,USD
"Turks and Caicos Islands 20GB 30Days",TC,20,30,P6ZCADK5L,182.99,USD
"Uganda 1GB 7Days",UG,1,7,CKH392,9.99,USD
"Uganda 1GB/Day",UG,1,1,PU85BG0CJ,9.99,USD
"Uganda 3GB 15Days",UG,3,15,CKH421,24.99,USD
"Uganda 5GB 30Days",UG,5,30,CKH450,36.99,USD
"Uganda 10GB 30Days",UG,10,30,CKH479,70.99,USD
"Ukraine 500MB/Day",UA,0.5,1,P52VS3S2A,1.99,USD
"Ukraine 1GB/Day",UA,1,1,P3AFY29GY,2.99,USD
"Ukraine 1GB 7Days",UA,1,7,CKH250,3.99,USD
"Ukraine 2GB/Day",UA,2,1,PKTF2HPEU,4.99,USD
"Ukraine 3GB 15Days",UA,3,15,CKH251,7.99,USD
"Ukraine 3GB 30Days",UA,3,30,CKH103,8.99,USD
"Ukraine 5GB 30Days",UA,5,30,CKH142,10.99,USD
"Ukraine 10GB 30Days",UA,10,30,CKH252,18.99,USD
"Ukraine 20GB 30Days",UA,20,30,PZXYGILYN,31.99,USD
"United Arab Emirates 100MB 7Days",AE,0.1,7,PFI5O971X,1.99,USD
"United Arab Emirates 500MB/Day",AE,0.5,1,PQWC3N4R1,4.99,USD
"United Arab Emirates 500MB 7Days",AE,0.5,7,P0B2MJ9JR,4.99,USD
"United Arab Emirates 1GB/Day",AE,1,1,P6P4JNC5G,5.99,USD
"United Arab Emirates 1GB 7Days",AE,1,7,CKH527,6.99,USD
"United Arab Emirates 2GB/Day",AE,2,1,PRQJ9TH03,8.99,USD
"United Arab Emirates 3GB 15Days",AE,3,15,CKH692,13.99,USD
"United Arab Emirates 3GB 30Days",AE,3,30,CKH031,16.99,USD
"United Arab Emirates 5GB/Day",AE,5,1,PVA0GD3V7,15.99,USD
"United Arab Emirates 5GB 30Days",AE,5,30,CKH693,21.99,USD
"United Arab Emirates 10GB 30Days",AE,10,30,PQHJ267ZM,33.99,USD
"United Arab Emirates 10GB/Day",AE,10,1,PT4XEW052,29.99,USD
"United Arab Emirates 10GB 60Days",AE,10,60,CKH694,39.99,USD
"United Arab Emirates 20GB 30Days",AE,20,30,P0LWCN1S2,58.99,USD
"United Arab Emirates 50GB 180Days",AE,50,180,PBJCBSZU1,210.99,USD
"United Kingdom 100MB 7Days",GB,0.1,7,PBV0LO9CW,1.99,USD
"United Kingdom 500MB/Day",GB,0.5,1,PF527KUIR,1.99,USD
"United Kingdom 500MB 7Days",GB,0.5,7,PVIOSUZV2,1.99,USD
"United Kingdom 1GB/Day",GB,1,1,P0YFEWXGN,2.99,USD
"United Kingdom 1GB 7Days",GB,1,7,CKH253,3.99,USD
"United Kingdom 2GB/Day",GB,2,1,P9XKTG7UW,5.99,USD
"United Kingdom 3GB 15Days",GB,3,15,CKH254,7.99,USD
"United Kingdom 3GB 30Days",GB,3,30,CKH104,8.99,USD
"United Kingdom 5GB 30Days",GB,5,30,CKH143,10.99,USD
"United Kingdom 10GB 30Days",GB,10,30,CKH255,18.99,USD
"United Kingdom 10GB/Day",GB,10,1,PE50C29LR,21.99,USD
"United Kingdom 20GB 30Days",GB,20,30,CKH509,28.99,USD
"United Kingdom 50GB 30Days",GB,50,30,CKH510,51.99,USD
"United Kingdom 50GB 180Days",GB,50,180,PLLWT4O6B,70.99,USD
"United States 100MB 7Days",US,0.1,7,P3YTYXBRV,1.99,USD
"United States 500MB 7Days",US,0.5,7,P9BAB5V03,2.99,USD
"United States 500MB/Day",US,0.5,1,PCD8C1K9R,3.99,USD
"United States 1GB 7Days",US,1,7,PHAJHEAYP,4.99,USD
"United States 1GB/Day",US,1,1,P5NHFJKUS,5.99,USD
"United States 1.5GB/Day",US,1.5,1,P7KMNQCEM,7.99,USD
"United States 3GB 15Days",US,3,15,PGDINBJBY,8.99,USD
"United States 3GB 30Days",US,3,30,PKY3WHPRZ,9.99,USD
"United States 2GB/Day",US,2,1,P2D1OQDLK,8.99,USD
"United States 5GB 30Days",US,5,30,PKJNMJIIU,13.99,USD
"United States 3GB/Day",US,3,1,PZGX3L09J,10.99,USD
"United States 10GB 30Days",US,10,30,PCRKRUHIL,21.99,USD
"United States 15GB 30Days",US,15,30,P7QQR3WW0,29.99,USD
"United States 20GB 30Days",US,20,30,CKH533,35.99,USD
"United States 10GB/Day",US,10,1,P0VDH4W3H,28.99,USD
"United States 20GB 90Days",US,20,90,P1HAXMKHP,42.99,USD
"United States 50GB 30Days",US,50,30,PCR902VVL,70.99,USD
"United States 50GB 180Days",US,50,180,P3ICIKSE8,87.99,USD
"Uruguay 100MB 7Days",UY,0.1,7,PDPRP70HM,2.99,USD
"Uruguay 500MB 7Days",UY,0.5,7,PAM8H3YQN,5.99,USD
"Uruguay 1GB 7Days",UY,1,7,CKH316,9.99,USD
"Uruguay 3GB 15Days",UY,3,15,CKH332,22.99,USD
"Uzbekistan 100MB 7Days",UZ,0.1,7,P5N4RG08H,1.99,USD
"Uzbekistan 500MB 7Days",UZ,0.5,7,P1UNFUJLH,3.99,USD
"Uzbekistan 500MB/Day",UZ,0.5,1,P57M84RAY,3.99,USD
"Uzbekistan 1GB/Day",UZ,1,1,PLMLCMLCJ,4.99,USD
"Uzbekistan 1GB 7Days",UZ,1,7,CKH1017,5.99,USD
"Uzbekistan 2GB/Day",UZ,2,1,PAGZQ3NQO,8.99,USD
"Uzbekistan 3GB 15Days",UZ,3,15,CKH1028,13.99,USD
"Uzbekistan 3GB 30Days",UZ,3,30,PCHMVSA0P,14.99,USD
"Uzbekistan 5GB 30Days",UZ,5,30,CKH1029,19.99,USD
"Uzbekistan 10GB 30Days",UZ,10,30,CKH766,33.99,USD
"Uzbekistan 20GB 30Days",UZ,20,30,CKH767,51.99,USD
"Vietnam 100MB 7Days",VN,0.1,7,PIK0SW14Q,1.99,USD
"Vietnam 500MB/Day (nonhkip)",VN,0.5,1,P9JL3S1GG,2.99,USD
"Vietnam 500MB/Day",VN,0.5,1,PTS4IGND3,2.99,USD
"Vietnam 500MB 7Days",VN,0.5,7,P2DH4RPAS,4.99,USD
"Vietnam 1GB/Day (nonhkip)",VN,1,1,PP9NT7XP0,5.99,USD
"Vietnam 1GB/Day",VN,1,1,PT2J1Y4JX,5.99,USD
"Vietnam 1GB 7Days (nonhkip)",VN,1,7,P06VBPU3J,6.99,USD
"Vietnam 1GB 7Days",VN,1,7,JC048,6.99,USD
"Vietnam 2GB/Day (nonhkip)",VN,2,1,PSCA610LL,8.99,USD
"Vietnam 2GB/Day",VN,2,1,PM2K0J3TX,8.99,USD
"Vietnam 3GB 15Days (nonhkip)",VN,3,15,P41ERHYB6,13.99,USD
"Vietnam 3GB 30Days (nonhkip)",VN,3,30,PE1JSL08S,16.99,USD
"Vietnam 3GB 15Days",VN,3,15,JC049,13.99,USD
"Vietnam 3GB 30Days",VN,3,30,PYHXG02NQ,16.99,USD
"Vietnam 5GB 30Days (nonhkip)",VN,5,30,PEB708QBF,21.99,USD
"Vietnam 5GB 30Days",VN,5,30,JC050,21.99,USD
"Vietnam 10GB 30Days (nonhkip)",VN,10,30,P2UWBW9F4,32.99,USD
"Vietnam 10GB 30Days",VN,10,30,JC051,33.99,USD
"Vietnam 10GB/Day",VN,10,1,PUHL77M18,28.99,USD
"Vietnam 20GB 30Days (nonhkip)",VN,20,30,PTNY9DB82,52.99,USD
"Vietnam 20GB 30Days",VN,20,30,JC088,57.99,USD
"Vietnam 50GB 180Days",VN,50,180,PU3OJKPFD,112.99,USD
"Virgin Islands- British 500MB/Day",VG,0.5,1,P99YRSPGI,7.99,USD
"Virgin Islands- British 1GB/Day",VG,1,1,PWNAMX6W3,11.99,USD
"Virgin Islands- British 1GB 7Days",VG,1,7,POGFJFQ58,12.99,USD
"Virgin Islands- British 2GB/Day",VG,2,1,PAU919X2P,20.99,USD
"Virgin Islands- British 3GB 15Days",VG,3,15,PLC8UXEF8,32.99,USD
"Virgin Islands- British 3GB 30Days",VG,3,30,PVD70SK8K,34.99,USD
"Virgin Islands- British 5GB 30Days",VG,5,30,PZFX1LHCF,54.99,USD
"Virgin Islands- British 10GB 30Days",VG,10,30,P14WHSYK1,99.99,USD
"Virgin Islands- British 20GB 30Days",VG,20,30,PNHNK1K75,182.99,USD
"Zambia 1GB 7Days",ZM,1,7,CKH393,9.99,USD
"Zambia 3GB 15Days",ZM,3,15,CKH422,22.99,USD
"Zambia 3GB 30Days",ZM,3,30,PL9TGMXD6,22.99,USD
"Zambia 5GB 30Days",ZM,5,30,CKH451,34.99,USD